customer_id,first_name,last_name,email,phone,date_of_birth,join_date,customer_segment
CUST-00001,Michael,Reese,mpatterson@example.com,001-543-760-6137x59146,2008-02-25,2023-03-09,Retail
CUST-00002,Andrew,Leach,samantha70@example.net,5264660443,1956-11-03,2023-04-22,Wealth
CUST-00003,Joseph,Morgan,frios@example.com,907-959-7113x59564,1977-05-21,2023-06-25,Corporate
CUST-00004,Ashley,Young,batesmark@example.net,(337)690-7636,1987-01-13,2025-09-14,Wealth
CUST-00005,Lauren,Castro,scottelizabeth@example.com,001-284-548-2842x941,1949-10-16,2022-02-22,Corporate
CUST-00006,James,Forbes,james67@example.org,+1-303-432-9407x845,1995-07-26,2023-12-09,Corporate
CUST-00007,Ryan,Rodriguez,thomaschristopher@example.com,001-581-836-9370x3205,1943-03-03,2022-08-01,Retail
CUST-00008,Mark,Rogers,khurley@example.com,+1-708-769-2768,1995-03-17,2021-07-21,Wealth
CUST-00009,Ethan,Price,gmurillo@example.org,303.758.6982,1979-06-30,2023-03-29,Corporate
CUST-00010,Robert,Herrera,laura80@example.org,4206540267,1982-09-08,2023-05-27,Corporate
CUST-00011,Chris,Hansen,bowmanvanessa@example.com,(757)553-1407x675,1973-12-04,2021-10-17,Wealth
CUST-00012,James,Black,jeffreyanderson@example.org,001-214-216-9782x4099,1974-08-17,2022-12-16,Corporate
CUST-00013,Sophia,Williams,jenniferleonard@example.net,(742)725-4226,1945-06-17,2025-02-17,Wealth
CUST-00014,Alyssa,Kaiser,cvega@example.net,+1-885-932-9437,1942-07-21,2025-10-21,Wealth
CUST-00015,Michael,Jones,jordan04@example.org,419.382.1399x332,2001-11-04,2023-02-12,Retail
CUST-00016,Angela,Newman,mcgeejames@example.org,578-377-3746,1936-05-15,2021-04-28,Wealth
CUST-00017,Sarah,Frey,adamsnatalie@example.org,+1-834-341-0263x679,1977-10-01,2023-11-17,Corporate
CUST-00018,Richard,Snyder,jason02@example.com,3434647097,1965-08-10,2021-10-07,Wealth
CUST-00019,Sharon,Howell,joel76@example.org,(343)713-9454x1788,1991-08-01,2022-05-16,Wealth
CUST-00020,Brittany,Chase,rodriguezjoy@example.net,548.763.5694,1947-12-16,2024-03-07,Corporate
CUST-00021,Rhonda,Morales,ykirk@example.com,+1-777-787-8524,1953-01-21,2025-12-31,Corporate
CUST-00022,Ruth,Turner,landerson@example.org,001-899-493-6977x138,1985-02-15,2024-11-08,Wealth
CUST-00023,Rebecca,Martinez,james75@example.org,894-883-6477x66058,1990-08-15,2024-02-13,Retail
CUST-00024,David,Wood,michael46@example.org,261-515-6300x988,1957-07-08,2021-09-10,Corporate
CUST-00025,Jeffrey,Moses,caseholly@example.com,+1-925-700-5345x1096,1965-10-23,2022-06-11,Corporate
CUST-00026,Jessica,Smith,warrenaustin@example.net,001-390-424-8518x44993,1946-08-03,2025-10-19,Wealth
CUST-00027,Michael,Lewis,david79@example.net,001-640-793-3911x15401,1989-04-30,2024-05-22,Wealth
CUST-00028,Michele,Shaffer,vcox@example.org,473-293-1644x2777,1977-12-01,2023-04-21,Retail
CUST-00029,Mark,Baird,markmcpherson@example.com,(318)911-4764x932,1937-05-16,2023-01-27,Corporate
CUST-00030,Arthur,Gibson,deanna40@example.com,+1-573-995-9110x418,2005-09-29,2025-04-19,Retail
CUST-00031,Donald,Marsh,roseelijah@example.org,(966)619-6358,1996-08-10,2021-11-18,Corporate
CUST-00032,Gregory,Juarez,caguilar@example.org,826.851.3733x2138,1938-12-21,2026-01-08,Wealth
CUST-00033,William,Klein,jane60@example.com,7312113590,1946-07-21,2024-05-06,Wealth
CUST-00034,Shirley,Holland,michelle20@example.net,001-351-984-6571,1958-07-16,2022-12-21,Wealth
CUST-00035,Kimberly,Hess,rachelsullivan@example.com,355.847.1935x05243,1993-06-06,2023-10-31,Corporate
CUST-00036,Kimberly,Howard,leonandre@example.net,397.745.3429x91651,1940-08-01,2023-02-28,Corporate
CUST-00037,Michele,Garcia,jacquelinepowell@example.net,+1-972-580-2457,1974-01-23,2025-01-07,Wealth
CUST-00038,Barbara,Benson,wallheidi@example.net,589.330.5425x176,2000-06-15,2022-09-02,Corporate
CUST-00039,Shelby,Orr,ronaldgordon@example.net,001-241-525-9016x18370,1967-09-07,2023-06-16,Wealth
CUST-00040,Julie,Shelton,gordonbetty@example.net,953-593-8102,2005-07-16,2021-08-10,Retail
CUST-00041,Dwayne,Sanders,jonesjohn@example.org,(245)218-8773x462,2001-01-13,2023-03-30,Retail
CUST-00042,Mark,Tanner,ronald41@example.org,612-231-4155x2008,1985-11-12,2025-10-13,Corporate
CUST-00043,Eric,Cabrera,obrown@example.org,522-714-2153x5535,1944-08-22,2022-11-20,Wealth
CUST-00044,Jessica,Thomas,rreynolds@example.com,(771)578-4683x974,1937-09-09,2022-10-22,Retail
CUST-00045,Johnathan,Shields,xspencer@example.net,942-541-2644x201,1949-12-01,2024-12-13,Corporate
CUST-00046,Kyle,Benton,natalie98@example.net,001-971-531-9550x6940,1945-09-12,2025-03-26,Corporate
CUST-00047,Scott,Garcia,juliasanchez@example.com,253-669-8117,1957-08-26,2023-07-17,Wealth
CUST-00048,Alexandra,Clark,simsjennifer@example.com,(599)857-2106,1996-08-08,2022-12-07,Wealth
CUST-00049,Melissa,Davis,schultzsusan@example.net,959.667.0568x91632,1999-03-01,2021-07-14,Wealth
CUST-00050,Justin,Hickman,theresajones@example.net,489-777-5186x70347,1992-01-06,2022-05-04,Corporate
CUST-00051,Joanna,Martin,catherine28@example.org,(779)362-4219x876,1968-10-14,2023-03-23,Corporate
CUST-00052,Kimberly,Davis,elizabeth69@example.net,301.420.1885,1985-04-10,2024-01-28,Corporate
CUST-00053,Alyssa,Phillips,mwalton@example.net,515.430.9558x77446,1964-01-15,2023-04-24,Wealth
CUST-00054,Amy,Ray,landryhenry@example.net,001-834-409-5786x8891,1999-07-07,2024-06-30,Wealth
CUST-00055,Joseph,Rich,pagerobert@example.org,8154744674,1961-02-26,2024-09-25,Wealth
CUST-00056,Derek,Johnson,amartinez@example.org,(431)518-9830,1940-08-18,2025-04-19,Retail
CUST-00057,Kimberly,Campbell,jalvarado@example.net,001-735-559-9365x4757,2006-01-28,2024-08-29,Retail
CUST-00058,Erika,Sanchez,christopherjones@example.net,216.739.8015x06497,2005-03-22,2025-04-01,Corporate
CUST-00059,Steven,Wilson,matthew64@example.com,+1-772-539-5715,1950-08-04,2023-02-18,Corporate
CUST-00060,Rodney,Haley,michael72@example.org,+1-662-712-9815x3848,1935-08-16,2023-05-01,Corporate
CUST-00061,Jim,Bailey,clarkcrystal@example.net,(806)810-4137,1997-06-05,2022-09-19,Wealth
CUST-00062,Amy,Greene,baileybrooke@example.com,5947130977,1990-11-20,2025-01-18,Wealth
CUST-00063,Isaac,Parker,riveramaxwell@example.net,395.774.7786,1939-12-23,2024-09-23,Corporate
CUST-00064,Carrie,Merritt,privera@example.org,+1-956-851-0270x78119,1947-01-25,2022-11-05,Wealth
CUST-00065,Mary,Ward,moonricardo@example.net,(801)460-4775,1935-09-01,2024-02-12,Corporate
CUST-00066,Elizabeth,Brewer,jasonlozano@example.net,684.466.5677,2003-03-03,2026-01-30,Retail
CUST-00067,James,Gomez,geralddecker@example.com,611.461.4869,1996-06-30,2022-10-08,Retail
CUST-00068,Jason,Johnson,manningcarol@example.com,+1-637-889-3689,2007-05-14,2023-07-20,Corporate
CUST-00069,Martin,Freeman,mspencer@example.org,748.473.1660x2644,1974-12-02,2021-04-08,Retail
CUST-00070,Michael,Lynch,gregoryruiz@example.com,522.239.9001x328,1953-04-06,2021-06-05,Retail
CUST-00071,Jennifer,Lambert,michaelpetty@example.org,001-376-494-4826,1958-06-26,2025-02-05,Corporate
CUST-00072,Jennifer,Colon,alyssajenkins@example.net,(785)767-0109,1958-12-07,2021-07-21,Retail
CUST-00073,Danielle,Deleon,tcampbell@example.org,310-625-7948x812,1992-01-30,2022-06-10,Corporate
CUST-00074,Brittney,Fuller,john79@example.org,272-686-3562x9321,1942-07-21,2025-01-18,Retail
CUST-00075,Shannon,Jones,donrobinson@example.org,417-993-3415,1964-11-29,2026-01-16,Corporate
CUST-00076,Amy,Harrison,angeljones@example.com,(950)762-5318,1979-07-07,2023-10-14,Wealth
CUST-00077,Reginald,Ramirez,dmoore@example.com,203-377-2411x6986,1958-04-24,2024-11-15,Corporate
CUST-00078,Anthony,Torres,brianna50@example.net,469.702.4024x9582,2006-06-15,2023-03-20,Corporate
CUST-00079,Samuel,Rodriguez,gneal@example.com,405.590.1002x73857,1962-04-02,2022-08-22,Wealth
CUST-00080,Melissa,Davis,william59@example.org,001-242-213-5194x5644,2006-11-21,2022-12-27,Wealth
CUST-00081,Karen,Wheeler,crowland@example.net,+1-244-726-5263x59382,2005-05-27,2023-03-05,Retail
CUST-00082,Jennifer,Hughes,xmcdaniel@example.com,(949)318-1172x8723,1940-07-01,2024-03-30,Retail
CUST-00083,James,Reed,icole@example.com,(411)793-9804x08904,2003-03-18,2023-02-12,Retail
CUST-00084,Lori,Reed,troy51@example.net,851-820-4472,1935-11-24,2023-07-03,Wealth
CUST-00085,Tracie,Yates,millershannon@example.com,249-425-6506,1948-10-24,2025-09-21,Retail
CUST-00086,Robin,Brown,ibrown@example.net,(646)815-3592x298,2005-11-21,2023-12-16,Retail
CUST-00087,James,Martin,hoffmanlaurie@example.net,5919241394,1973-03-21,2021-11-30,Retail
CUST-00088,Justin,Moore,ycollins@example.com,4282712320,1936-02-08,2024-02-03,Corporate
CUST-00089,Joseph,Ross,spalmer@example.com,545-259-4691x993,1987-03-16,2023-12-12,Corporate
CUST-00090,Melissa,Todd,williamsanne@example.org,456.994.0391x0685,1980-06-01,2022-11-26,Wealth
CUST-00091,Christopher,Wright,james07@example.com,001-704-798-9802x8097,1998-04-13,2024-11-12,Wealth
CUST-00092,Jimmy,Buchanan,barbaraolson@example.com,877.893.2422x0885,1959-08-07,2022-12-28,Wealth
CUST-00093,Timothy,Johnson,rowlandkayla@example.org,(519)277-3485x2207,1963-07-27,2022-07-10,Corporate
CUST-00094,Mathew,Rodriguez,georgecraig@example.org,4293125988,1993-04-13,2021-04-24,Wealth
CUST-00095,Brooke,Robinson,johntorres@example.com,(801)947-1178x162,1938-09-18,2022-05-28,Retail
CUST-00096,Bradley,Sutton,aaron24@example.com,+1-722-823-2584x911,1937-05-06,2025-07-11,Corporate
CUST-00097,Allison,Jackson,ryan34@example.net,925.921.3977x7982,1977-02-15,2023-07-25,Corporate
CUST-00098,Tina,Johnson,peterrice@example.net,542.281.8403x582,2005-04-29,2024-08-05,Retail
CUST-00099,Brett,Rodgers,gowens@example.net,669.640.0734x09086,1986-07-19,2023-05-04,Retail
CUST-00100,Christopher,Smith,tonya05@example.org,001-221-517-2639,1950-01-21,2024-09-04,Wealth
CUST-00101,Jerry,Lewis,ksmith@example.net,780.599.6361x605,1999-06-29,2025-08-24,Wealth
CUST-00102,Brian,Bowman,hunterthomas@example.org,+1-988-318-5279x9989,1994-05-11,2024-10-04,Retail
CUST-00103,William,Cherry,jason69@example.org,462-828-5254x200,2006-07-14,2022-07-04,Retail
CUST-00104,Jason,Myers,deanna91@example.net,229.259.3153x4088,1953-03-01,2024-11-30,Wealth
CUST-00105,Judith,Smith,adamsparker@example.com,4168530339,2004-02-10,2023-03-16,Retail
CUST-00106,Kristie,Hernandez,sheilawatkins@example.org,001-299-348-5047,2007-08-26,2022-12-09,Corporate
CUST-00107,Joseph,Irwin,billynewton@example.com,+1-657-455-2155,2006-04-07,2022-12-30,Wealth
CUST-00108,Gina,Webster,perezdonald@example.org,001-513-925-1292x90687,1952-06-21,2023-07-28,Corporate
CUST-00109,Lee,Romero,kevin76@example.net,766-416-8118x30145,1939-11-30,2021-12-03,Wealth
CUST-00110,Michael,Eaton,gutierrezedward@example.net,9418798682,2001-07-03,2024-05-05,Wealth
CUST-00111,Caitlyn,Stewart,campbellemma@example.net,758-490-0699,1975-08-20,2024-05-17,Corporate
CUST-00112,David,Chavez,davidrichards@example.com,+1-817-445-8278,1988-10-17,2021-10-13,Wealth
CUST-00113,Ian,Smith,bartoncrystal@example.net,925.843.9762x309,1982-09-10,2025-10-07,Wealth
CUST-00114,Bill,Rosales,mackenziesingleton@example.com,(580)690-0834,1983-08-06,2022-09-09,Corporate
CUST-00115,Donald,Richards,tateangela@example.net,(376)506-9263x24260,1981-09-25,2022-09-27,Retail
CUST-00116,Kelly,Merritt,robertakelley@example.org,674-984-8052x075,1995-05-29,2021-06-13,Wealth
CUST-00117,Peter,Walters,emily53@example.com,(546)818-7923,1992-03-11,2021-10-31,Wealth
CUST-00118,James,Hobbs,tpope@example.org,9753763363,2006-12-28,2025-07-13,Retail
CUST-00119,Renee,Walker,hunterdaniel@example.com,605.336.9810x4059,1946-01-08,2023-01-31,Retail
CUST-00120,Kathleen,Campbell,natalie41@example.org,+1-874-522-0000x6590,1967-06-09,2025-11-29,Retail
CUST-00121,Austin,Hartman,elizabeth95@example.com,955.849.7518x564,1980-10-10,2024-07-24,Retail
CUST-00122,Jackson,Green,handerson@example.com,933-426-5022x9115,1937-04-07,2024-10-03,Retail
CUST-00123,Susan,Lopez,taylorhooper@example.com,509-243-5151x1731,1947-06-14,2025-01-29,Wealth
CUST-00124,Heather,Ware,shanestone@example.com,835-774-7400,2000-02-01,2024-09-04,Wealth
CUST-00125,Chelsea,Johnson,foleysarah@example.net,229.484.1773,1936-07-15,2024-09-15,Wealth
CUST-00126,Omar,Stanley,melissa47@example.com,783-650-4954x6001,1946-12-29,2025-08-09,Wealth
CUST-00127,Michael,Watkins,jenkinschristine@example.org,+1-613-313-5779x7547,1947-06-14,2026-01-09,Wealth
CUST-00128,Joshua,Collins,michael76@example.com,791-412-4077,1983-11-18,2021-10-26,Retail
CUST-00129,David,Callahan,gibsoncindy@example.org,(821)348-1443x822,1949-12-25,2025-11-19,Retail
CUST-00130,Lance,Smith,michael60@example.com,+1-848-422-7159x746,1946-10-12,2022-07-19,Corporate
CUST-00131,James,Sullivan,caitlin00@example.org,001-387-779-4804x507,2001-11-26,2023-08-11,Corporate
CUST-00132,Shane,White,pollardclifford@example.org,744-499-7205x0453,1995-10-05,2025-02-19,Retail
CUST-00133,John,Carey,warnercourtney@example.org,+1-824-513-2161x11909,1944-12-18,2024-07-30,Corporate
CUST-00134,Jane,Anderson,tlucas@example.com,336-301-5895x82089,1954-07-06,2024-08-25,Corporate
CUST-00135,Amanda,Smith,fitzgeralddiana@example.org,200.972.3726,1946-02-28,2025-11-01,Retail
CUST-00136,Kelly,Murphy,sadams@example.net,+1-427-312-3968,1988-02-22,2022-05-23,Wealth
CUST-00137,Lauren,Palmer,kingcassandra@example.com,(956)969-0220x818,1936-04-20,2024-06-13,Corporate
CUST-00138,Donna,Anderson,brianhaynes@example.com,418.703.4861x8781,1964-03-21,2025-02-05,Retail
CUST-00139,Melissa,Swanson,ksmith@example.com,569-824-7634x978,1974-10-15,2022-12-12,Wealth
CUST-00140,Barbara,Smith,edward19@example.net,001-682-442-5673x369,1944-12-19,2023-09-21,Wealth
CUST-00141,Alex,Chapman,lisa81@example.org,(691)367-3118,1975-09-14,2021-12-03,Retail
CUST-00142,Jonathan,Craig,jacobhurst@example.net,(983)544-8499x271,1958-08-29,2022-09-09,Corporate
CUST-00143,Billy,Chapman,bradley13@example.net,634-856-6028x1690,1958-07-17,2023-01-16,Wealth
CUST-00144,Brian,Stone,theresa61@example.org,001-301-210-1621x48513,1942-12-10,2025-11-16,Corporate
CUST-00145,Natasha,Zhang,garytorres@example.org,563.364.4989x66695,1955-02-01,2021-08-31,Retail
CUST-00146,William,Petersen,ashley70@example.com,+1-271-873-6151x7585,1968-01-01,2025-12-11,Corporate
CUST-00147,Paul,Swanson,leesara@example.org,732.798.0858,1975-05-23,2021-08-12,Wealth
CUST-00148,Jennifer,Chambers,stanley25@example.com,888.710.5006,1971-12-18,2025-12-26,Corporate
CUST-00149,Sarah,Perez,william70@example.net,001-612-792-4649,1964-04-28,2023-09-11,Retail
CUST-00150,Eddie,Powell,shernandez@example.org,658-286-6615x03110,1991-11-26,2025-11-16,Wealth
CUST-00151,Lawrence,Mccarthy,sandraallison@example.com,325-201-1815x74194,1965-06-04,2023-01-30,Wealth
CUST-00152,Marco,Higgins,singhvicki@example.org,370-407-1203x715,1956-03-21,2024-02-18,Retail
CUST-00153,Betty,Anderson,milleramy@example.com,001-255-566-6210,1935-07-12,2022-11-09,Wealth
CUST-00154,Derek,Flores,kimberlypollard@example.net,354-283-5028,1984-10-24,2024-12-20,Corporate
CUST-00155,Lindsey,Campos,ashley63@example.net,+1-904-961-8753x71686,1969-07-25,2022-10-28,Retail
CUST-00156,Cheyenne,Compton,greeneric@example.net,001-675-976-7753x2677,1977-01-20,2024-08-23,Wealth
CUST-00157,Christian,Simmons,qspears@example.com,897.397.0979,1936-09-30,2024-08-24,Corporate
CUST-00158,Craig,Edwards,kenglish@example.net,575-706-4705,1979-08-20,2021-06-14,Corporate
CUST-00159,Sean,Pena,bonnie76@example.org,448.777.7957,1977-04-24,2023-06-10,Wealth
CUST-00160,Karen,Gilbert,fmelton@example.org,3677717244,1949-10-04,2023-08-28,Wealth
CUST-00161,Jamie,Gordon,zcox@example.net,+1-718-936-9012x173,1986-08-08,2024-07-26,Wealth
CUST-00162,Donald,Salinas,kellygonzales@example.net,(514)575-9790,1937-10-03,2023-04-20,Wealth
CUST-00163,Tanya,Wall,gsalas@example.com,522-312-6497x0394,2002-06-14,2021-06-20,Corporate
CUST-00164,William,Sandoval,vvaldez@example.org,001-346-687-1873x909,1947-03-31,2025-04-01,Wealth
CUST-00165,Caroline,Turner,mmontes@example.net,001-578-741-7102x745,2000-09-01,2026-01-12,Wealth
CUST-00166,Ryan,Douglas,matthewgreen@example.org,598.458.5381,1976-09-22,2023-09-24,Retail
CUST-00167,Joshua,Gardner,alexander24@example.net,416.724.5304,1939-05-12,2024-05-20,Wealth
CUST-00168,Yolanda,Blake,joel28@example.com,841-581-8210,1986-10-31,2021-09-22,Corporate
CUST-00169,Michael,Hawkins,deanangel@example.org,(693)320-2736x692,1947-10-15,2025-06-26,Wealth
CUST-00170,Amanda,Foster,ymyers@example.org,617-630-6640,1999-08-17,2025-12-14,Wealth
CUST-00171,Katie,Wilson,rprice@example.org,696-768-4399x4602,1963-06-05,2021-06-12,Corporate
CUST-00172,Scott,Pope,troyparsons@example.org,598-833-0223x819,1935-09-20,2021-06-12,Wealth
CUST-00173,Tyler,Holden,smithrobert@example.com,426.256.7331x4939,1985-05-20,2023-09-04,Wealth
CUST-00174,Oscar,Adams,jeffreycooper@example.net,580.338.1921x100,1975-04-09,2024-08-30,Corporate
CUST-00175,Barbara,Gibson,georgedaniels@example.com,+1-763-583-9115,1977-06-01,2026-01-21,Retail
CUST-00176,Joseph,Lopez,annetteandrews@example.net,(328)998-8258,1972-06-19,2025-09-26,Corporate
CUST-00177,Amanda,Park,joel36@example.net,(843)459-7552x5523,1944-10-13,2024-03-14,Wealth
CUST-00178,Abigail,Clark,calebhall@example.com,979.293.1491,1956-04-17,2025-09-25,Corporate
CUST-00179,Anita,Woodward,barberjeffrey@example.org,221-409-5837x41277,1981-03-03,2022-03-23,Wealth
CUST-00180,Susan,Torres,brian75@example.com,490-513-8785,1948-09-09,2025-07-31,Corporate
CUST-00181,Alejandro,Beasley,xrandall@example.org,664.852.0214x198,1995-06-08,2025-10-15,Wealth
CUST-00182,Lauren,Owens,jason25@example.org,(946)741-6797x9411,1935-10-23,2021-09-04,Corporate
CUST-00183,Stacy,Russell,erik57@example.net,363.707.4793x19147,2007-04-13,2022-02-10,Retail
CUST-00184,Dennis,Baird,johnsondavid@example.com,551.870.3897x8299,1986-07-01,2026-03-11,Retail
CUST-00185,Stephanie,Ayala,stewartvalerie@example.net,865.675.1226x25082,1964-05-11,2024-02-14,Retail
CUST-00186,Alexandra,Blackwell,fmiller@example.com,271-981-6159x8895,1958-01-25,2022-08-31,Corporate
CUST-00187,Evan,Walker,medinamichael@example.com,5434492886,1945-08-18,2025-10-30,Corporate
CUST-00188,Michael,Perez,fphelps@example.net,+1-472-532-8279,1945-11-29,2024-04-04,Retail
CUST-00189,Vanessa,Mills,angela58@example.com,001-448-349-2770,2001-01-03,2025-07-08,Retail
CUST-00190,Cindy,Anderson,shannon52@example.net,001-916-809-7777,1948-02-07,2023-01-03,Corporate
CUST-00191,Brenda,Simmons,pmcdonald@example.org,588-642-1777x795,1993-07-31,2021-07-03,Retail
CUST-00192,Christopher,Valenzuela,williamssheryl@example.com,912-366-5677x3364,1955-05-01,2022-03-18,Retail
CUST-00193,Kelly,Washington,diane52@example.com,449-831-5589x51999,2005-09-10,2025-08-10,Wealth
CUST-00194,Melissa,Gomez,daniel79@example.net,(782)593-9426x09033,1982-06-15,2021-08-24,Corporate
CUST-00195,Jennifer,Anderson,lynchkatherine@example.net,001-344-216-9562,1996-10-27,2025-05-21,Retail
CUST-00196,Jacqueline,George,jaclynanderson@example.com,+1-932-464-0726,1965-08-03,2023-01-29,Wealth
CUST-00197,Jake,Gordon,kristenmorales@example.org,001-238-528-2006x2831,1990-08-18,2023-04-06,Wealth
CUST-00198,Heather,Clark,kennethbishop@example.net,001-767-245-4180,2001-03-18,2025-01-05,Wealth
CUST-00199,Shannon,Montes,rachelayers@example.com,(530)352-5753,1972-04-19,2025-01-31,Retail
CUST-00200,Laura,Chavez,jlopez@example.org,(351)915-3859,1965-02-26,2023-02-08,Corporate
CUST-00201,Jesse,Mata,blanchardmichael@example.com,394.348.5356,1981-05-26,2022-09-10,Retail
CUST-00202,Travis,Wilson,nalexander@example.org,475.719.8317,1952-08-07,2021-10-02,Retail
CUST-00203,Annette,Stafford,lbooker@example.org,563.733.7351x138,1969-01-13,2026-02-16,Corporate
CUST-00204,Kathryn,Roberts,dharmon@example.org,001-656-617-0198x5974,1947-12-27,2024-11-26,Corporate
CUST-00205,Michael,Gates,lharrison@example.com,724-387-3443x5296,1990-05-14,2022-07-22,Corporate
CUST-00206,Kiara,Stafford,raymond34@example.com,366-956-4472x107,1937-03-19,2024-04-19,Retail
CUST-00207,Julia,Powell,anthonyoliver@example.net,4113889457,1976-05-08,2022-06-24,Corporate
CUST-00208,Maurice,Wilson,joseph24@example.net,+1-551-398-5759x277,1988-04-25,2023-10-07,Retail
CUST-00209,Eugene,Thompson,cjackson@example.com,+1-995-819-6383x82600,1959-10-18,2024-06-15,Wealth
CUST-00210,Andrew,Hughes,geraldenglish@example.com,561-916-2924,1936-09-06,2023-04-05,Retail
CUST-00211,Diana,Smith,bethany05@example.net,855-498-5252,1981-06-21,2021-09-05,Wealth
CUST-00212,Timothy,Roman,bairdmark@example.com,+1-764-511-7850x59505,1963-01-30,2022-04-21,Retail
CUST-00213,Christina,Jones,dcollins@example.org,(891)672-5697x273,1954-12-23,2026-02-14,Wealth
CUST-00214,Joshua,Green,evelynharris@example.com,001-625-884-0781,1953-06-07,2021-09-18,Corporate
CUST-00215,Kayla,Chen,brandon68@example.com,(243)937-5727,1953-06-23,2024-09-03,Corporate
CUST-00216,Troy,Hinton,oferguson@example.net,(879)376-6743,1938-09-21,2025-03-21,Wealth
CUST-00217,Stanley,Johnson,myersrachel@example.com,001-587-771-5392x888,1943-03-16,2024-08-14,Wealth
CUST-00218,Edward,Davis,marypetersen@example.com,001-582-299-7898x142,1970-07-12,2026-03-22,Corporate
CUST-00219,Haley,Barnett,danielrichardson@example.com,+1-914-593-3981,1971-06-16,2024-06-17,Corporate
CUST-00220,Becky,Salinas,tbradford@example.com,666.414.4293x49277,2001-05-25,2025-01-23,Corporate
CUST-00221,Bryan,Sherman,lopezjoshua@example.com,560-395-3114,1943-09-03,2021-09-17,Corporate
CUST-00222,Michael,Rice,scottpamela@example.net,(470)540-7622,1950-04-03,2023-11-07,Retail
CUST-00223,Thomas,Williamson,kwyatt@example.net,(450)646-5262x15418,2003-11-04,2023-10-20,Corporate
CUST-00224,Maria,Fox,rlloyd@example.com,(349)969-3104x014,1984-09-22,2024-06-25,Wealth
CUST-00225,Jeffrey,Willis,mdelacruz@example.com,001-408-530-6520x14594,1971-06-03,2023-11-04,Wealth
CUST-00226,Jennifer,Short,bradley70@example.net,2163939603,1970-06-22,2023-03-24,Retail
CUST-00227,Mary,Gonzalez,justin58@example.net,(234)905-1889x677,1993-06-15,2021-07-21,Corporate
CUST-00228,Curtis,Larsen,shellycochran@example.net,001-383-881-0909x30444,2006-09-02,2021-06-08,Retail
CUST-00229,Kenneth,Carr,kristina19@example.org,802.472.3003x3866,1947-03-20,2026-01-10,Retail
CUST-00230,Laura,Cantu,cmeadows@example.com,+1-797-990-4691x7963,1971-04-15,2023-06-30,Wealth
CUST-00231,Meghan,Key,justin40@example.com,6416227469,1957-05-28,2024-06-19,Wealth
CUST-00232,Dennis,Chavez,william16@example.net,708.283.5627,1974-09-27,2024-03-19,Corporate
CUST-00233,Aaron,Strong,andrew09@example.org,(512)208-0353x25205,1963-04-07,2023-10-23,Retail
CUST-00234,Margaret,Thompson,ygreen@example.net,6009050825,1973-02-19,2023-08-13,Wealth
CUST-00235,Kelly,Liu,racheldorsey@example.org,5937077509,1992-07-02,2025-01-27,Retail
CUST-00236,Katie,Pace,emily72@example.org,+1-349-657-9632x607,1936-08-18,2023-08-14,Retail
CUST-00237,Tammy,Underwood,kristinarodriguez@example.org,001-779-945-4862x044,1958-07-30,2023-06-29,Corporate
CUST-00238,Benjamin,Johnson,bakeramanda@example.com,001-379-759-0360x774,1988-11-22,2022-10-24,Wealth
CUST-00239,Kenneth,Campbell,justinfisher@example.com,742-390-1303x3755,1986-08-23,2022-06-15,Retail
CUST-00240,Jessica,Wright,kjenkins@example.com,(249)986-8352x44253,1998-05-21,2021-09-10,Corporate
CUST-00241,Michael,Garcia,salazarangela@example.org,(669)403-0786x1535,1973-02-18,2025-03-12,Corporate
CUST-00242,Dawn,Garza,hunterrichard@example.com,543.477.1800,1980-03-04,2024-08-22,Corporate
CUST-00243,Timothy,Ross,kimberlyforbes@example.org,+1-554-292-7802x9012,1996-03-20,2024-06-28,Wealth
CUST-00244,Gary,Brooks,whitecaleb@example.net,361.486.4862x0370,1988-08-23,2026-03-30,Retail
CUST-00245,Zoe,Allen,hpatel@example.org,001-306-402-6114x7217,1938-01-01,2023-04-27,Retail
CUST-00246,Nancy,Cole,ggilbert@example.org,578-404-2349x564,1982-09-25,2024-09-27,Retail
CUST-00247,Michael,Wright,acostajesse@example.com,(758)451-4777,1942-04-25,2025-10-19,Corporate
CUST-00248,Harold,Mason,janice31@example.com,267-663-4741x2168,2003-07-02,2025-09-02,Wealth
CUST-00249,Jessica,White,cmack@example.com,(646)348-8301x8605,1990-06-16,2025-09-03,Wealth
CUST-00250,April,Wallace,christopherwatts@example.org,(419)410-9104x26094,1941-04-17,2022-01-30,Corporate
CUST-00251,Martin,Mccarthy,francisvictor@example.net,(328)337-3074x38081,1940-07-31,2021-08-20,Retail
CUST-00252,James,Vega,timothy90@example.com,494.418.0424,1970-07-16,2022-06-23,Retail
CUST-00253,Michael,Mcgee,ahall@example.net,(866)560-1391x3564,1993-09-26,2025-09-23,Corporate
CUST-00254,Stephanie,Richardson,balljamie@example.com,984-478-8866x6374,1953-08-28,2022-05-27,Wealth
CUST-00255,Thomas,Gordon,albertcarpenter@example.com,001-631-286-4687x789,1936-08-07,2025-03-30,Retail
CUST-00256,Brandon,Brown,mrobertson@example.net,+1-868-407-9275x21201,1970-12-04,2024-01-08,Retail
CUST-00257,Felicia,Foley,valdeztiffany@example.com,600.602.1338x49277,1940-05-27,2022-01-07,Corporate
CUST-00258,David,Simpson,ehuynh@example.net,(669)295-0997x2645,1971-09-23,2026-02-11,Retail
CUST-00259,Jeffrey,Holloway,cheryl50@example.net,001-949-696-9798,1984-08-31,2025-12-31,Corporate
CUST-00260,Anthony,Mccall,morrisjennifer@example.org,+1-321-832-1260,1984-06-30,2024-10-21,Corporate
CUST-00261,Logan,Villegas,whiteheadlynn@example.org,001-697-606-3611x7586,1945-05-06,2021-08-08,Wealth
CUST-00262,Robert,Miller,gregorywright@example.com,001-596-294-5351,1961-05-18,2025-12-24,Corporate
CUST-00263,April,Berry,guzmanmartin@example.net,520-929-6025x9287,2003-08-27,2021-05-29,Wealth
CUST-00264,Joshua,Watson,mitchellhamilton@example.com,2933890152,1996-05-06,2025-01-05,Retail
CUST-00265,Kristin,Butler,charles22@example.com,001-963-871-9424x105,1977-09-03,2021-06-21,Retail
CUST-00266,Cynthia,Phillips,hilljames@example.net,(247)336-6147x34694,1969-05-02,2023-02-12,Corporate
CUST-00267,Kathy,Williams,theresa62@example.com,(346)962-7825x35316,1975-08-11,2022-01-03,Retail
CUST-00268,Heidi,Hardin,kathrynchristensen@example.net,001-674-714-8498x6844,1976-05-04,2024-04-11,Corporate
CUST-00269,Rose,Hart,moralesolivia@example.com,+1-228-628-4189x5060,2002-05-20,2021-09-02,Corporate
CUST-00270,Stacy,Benson,travis76@example.org,(396)250-8923,1983-11-02,2021-08-17,Wealth
CUST-00271,Charles,Delgado,roger23@example.org,932.617.4344x570,1970-09-21,2024-09-27,Retail
CUST-00272,John,Ashley,xlowe@example.net,760-976-5636,1995-10-10,2026-03-20,Corporate
CUST-00273,Nathan,Robbins,igibson@example.net,001-299-264-0383,1982-09-08,2025-09-05,Wealth
CUST-00274,Lisa,Jones,ethompson@example.com,+1-931-962-8291x88051,1942-08-06,2021-09-30,Wealth
CUST-00275,Tina,Jackson,davidlawson@example.net,400.404.9727,1958-02-08,2023-07-07,Corporate
CUST-00276,Lisa,Dickerson,tmontgomery@example.com,778-848-8330x4272,1961-06-20,2026-02-18,Retail
CUST-00277,Jay,Patton,pdavenport@example.net,001-886-599-9218x2376,2007-01-30,2024-03-24,Wealth
CUST-00278,Ryan,Collins,vsimmons@example.org,2084233190,2001-02-17,2025-04-15,Retail
CUST-00279,Lisa,Nelson,jennifercook@example.net,(592)235-4313x9248,1950-12-08,2023-01-19,Corporate
CUST-00280,Stefanie,Lin,tsnyder@example.com,792.570.0636,1957-03-09,2021-06-07,Corporate
CUST-00281,Chase,Parker,david69@example.com,(842)977-3453x7982,1970-02-07,2021-10-04,Retail
CUST-00282,Jennifer,Crosby,kschmidt@example.org,981-665-0251x9008,1982-10-14,2025-04-23,Corporate
CUST-00283,Evan,Anderson,jonesyesenia@example.com,(978)790-5093,1973-09-21,2023-08-02,Corporate
CUST-00284,Anthony,King,ktyler@example.com,(306)786-0160x99091,1993-01-06,2021-11-23,Wealth
CUST-00285,Marissa,Murray,davidholmes@example.com,847.571.2161,1941-03-27,2022-08-29,Retail
CUST-00286,Ryan,Dixon,ydaniel@example.com,7163593936,1956-06-22,2021-12-20,Corporate
CUST-00287,Donald,Williams,kristina68@example.com,001-850-726-2186x938,1937-09-27,2024-05-30,Corporate
CUST-00288,Jennifer,Larson,donald42@example.org,466-266-0330,1995-07-17,2023-05-25,Wealth
CUST-00289,Janice,Holmes,millstodd@example.org,+1-804-918-6405x4659,2002-03-26,2024-06-23,Wealth
CUST-00290,Elizabeth,Bond,stanleywolfe@example.org,596.289.9722x1661,2006-06-13,2021-11-20,Corporate
CUST-00291,Linda,Hughes,williamsruth@example.net,001-433-334-4295,1968-08-20,2023-04-08,Retail
CUST-00292,Sean,Sosa,npratt@example.com,+1-755-982-7782x500,1953-08-16,2025-07-06,Wealth
CUST-00293,Christine,Lawrence,loritorres@example.org,(631)357-0891x3188,1990-10-11,2022-08-01,Corporate
CUST-00294,Karen,Cook,jennifer98@example.com,884-394-5828x963,1960-07-23,2022-03-16,Corporate
CUST-00295,Barbara,Coleman,jennifer98@example.org,+1-539-759-7256,1953-01-30,2021-10-31,Corporate
CUST-00296,Thomas,Wright,natalie82@example.net,001-372-715-9494x5005,1942-10-17,2025-02-24,Retail
CUST-00297,Rodney,Hunt,dickersonjames@example.org,909-344-0204x43696,1954-11-16,2023-11-30,Wealth
CUST-00298,Pedro,Turner,traci57@example.net,(963)429-7013x5945,1963-02-16,2023-12-12,Corporate
CUST-00299,Emily,Sanders,vincent05@example.com,+1-885-865-7559x66069,1966-08-15,2024-12-23,Wealth
CUST-00300,Joseph,Price,ynelson@example.net,779.381.1319x61842,1966-02-12,2025-05-27,Wealth
CUST-00301,Nancy,Hodge,erichanson@example.net,(354)791-4824x29664,1980-07-28,2021-08-02,Corporate
CUST-00302,Briana,Smith,laura86@example.net,+1-769-957-7720x846,1998-07-02,2025-12-06,Corporate
CUST-00303,Ryan,Garrett,angel35@example.org,8903720020,1983-12-14,2023-12-08,Corporate
CUST-00304,Mike,Gutierrez,plopez@example.org,241.467.4872x48990,1945-08-22,2021-06-15,Retail
CUST-00305,Michael,Olson,carlyfisher@example.org,+1-976-834-4037x85298,1985-09-19,2025-10-05,Corporate
CUST-00306,Steven,Jones,anna76@example.com,(840)202-9348,2003-09-18,2024-08-12,Corporate
CUST-00307,Steven,Pruitt,amy75@example.com,(723)740-7703,2001-02-01,2025-05-11,Wealth
CUST-00308,Catherine,Gibson,barrerabrian@example.org,+1-866-812-5241x06661,1979-02-09,2021-08-22,Retail
CUST-00309,Joseph,Kirby,monica80@example.com,(837)310-5017,1967-03-17,2022-03-27,Retail
CUST-00310,Elizabeth,Kelley,danielle71@example.net,(613)660-5770x59453,1995-12-04,2023-08-09,Retail
CUST-00311,Alicia,Richardson,goodmansean@example.net,(478)300-4104x341,1959-11-03,2025-12-12,Retail
CUST-00312,Alexander,Abbott,pmartin@example.com,706-310-7384,1942-11-06,2025-11-25,Retail
CUST-00313,Jessica,Greene,connie23@example.net,852-379-1697x8037,1975-01-08,2023-09-26,Corporate
CUST-00314,Sean,Moore,romerojessica@example.com,672.602.1393,1993-07-11,2021-07-14,Wealth
CUST-00315,Gary,Morrison,stephaniemills@example.org,930.799.5371x125,1965-11-14,2021-10-10,Retail
CUST-00316,Hannah,Coleman,ryanjensen@example.net,399.407.1106,1942-01-18,2022-05-13,Wealth
CUST-00317,Paul,Daniels,vmarshall@example.org,+1-261-422-4383x01660,1960-08-06,2023-10-14,Retail
CUST-00318,George,Gonzalez,rebeccaneal@example.com,001-791-515-6240,1985-06-09,2025-02-08,Wealth
CUST-00319,Richard,White,patricia69@example.org,956.809.9922x070,1966-12-13,2024-08-02,Retail
CUST-00320,April,Edwards,walkervanessa@example.com,(665)720-7728x592,1994-03-10,2023-02-20,Wealth
CUST-00321,Whitney,Shelton,smithnathaniel@example.net,762.756.7189x2879,1978-09-30,2021-10-09,Wealth
CUST-00322,Paul,Castro,suzanne88@example.net,798.894.2411x9173,1966-07-30,2025-02-10,Corporate
CUST-00323,Samantha,Chung,brittany30@example.com,(209)750-2146,1989-02-28,2025-12-22,Wealth
CUST-00324,David,Cunningham,fherrera@example.org,314-898-1209,1949-07-02,2025-10-02,Corporate
CUST-00325,Emily,Simmons,deborah17@example.com,326-880-1888,1998-05-01,2025-12-30,Corporate
CUST-00326,Robert,Taylor,robertwilliams@example.net,+1-709-696-6718x67178,1996-09-30,2023-05-23,Wealth
CUST-00327,Pamela,Smith,lauralam@example.org,+1-391-283-6517x699,1994-09-09,2024-09-16,Retail
CUST-00328,Aaron,Garner,udavis@example.net,415.233.5951x82455,1956-07-13,2023-06-24,Retail
CUST-00329,Amanda,Salazar,tammy46@example.com,4869671163,2000-10-28,2024-11-23,Corporate
CUST-00330,James,Wade,caitlyngray@example.net,+1-946-922-7202x32267,1971-07-29,2022-07-15,Wealth
CUST-00331,Justin,Rogers,john94@example.net,664.721.1090x0585,1939-01-17,2025-06-23,Retail
CUST-00332,Cameron,Taylor,evandurham@example.com,(759)317-5371x45701,1981-03-19,2022-11-05,Retail
CUST-00333,Jacob,Juarez,hthomas@example.net,951.661.6121,2005-01-06,2024-01-10,Retail
CUST-00334,Jamie,Eaton,torresmichael@example.org,297-352-9290,1987-03-27,2022-07-21,Retail
CUST-00335,Sara,Stephens,darrenwest@example.org,284.553.0132,1991-12-19,2025-02-21,Retail
CUST-00336,Angela,Stephens,ethan58@example.net,430.756.6007x50163,1956-11-17,2021-06-16,Corporate
CUST-00337,Johnny,Murphy,sean09@example.org,887-235-0518x3205,1944-09-22,2024-10-05,Wealth
CUST-00338,Bobby,Ferguson,wrivera@example.org,001-836-969-6689x000,1967-07-04,2024-11-06,Wealth
CUST-00339,Nicholas,Brooks,nmarsh@example.org,(916)243-5990,1937-02-22,2026-02-12,Corporate
CUST-00340,Julia,Duke,seanmorris@example.com,001-299-988-1170x7967,1966-10-16,2023-01-18,Corporate
CUST-00341,Diana,Ryan,jessica63@example.org,(298)596-2880,1943-08-28,2021-05-15,Retail
CUST-00342,Amanda,Ramirez,scottsmith@example.net,6825533765,1945-04-16,2023-01-13,Corporate
CUST-00343,Jeremy,Bailey,rherring@example.net,9986767744,1937-03-01,2022-08-04,Wealth
CUST-00344,Stacy,Carter,zachary63@example.com,001-456-329-1279x85397,1940-01-30,2023-05-31,Corporate
CUST-00345,Chelsea,Jones,wjohnson@example.net,+1-916-765-1548x640,1952-02-03,2024-09-21,Wealth
CUST-00346,Scott,Ross,arnoldkyle@example.org,759-458-9048x80480,1962-02-07,2021-10-05,Wealth
CUST-00347,Heather,Wong,nathanwaters@example.org,(613)687-9842x9826,1996-11-18,2022-06-27,Wealth
CUST-00348,Samantha,Stewart,edward11@example.com,9284578692,1953-12-18,2023-08-05,Wealth
CUST-00349,Cathy,Barnes,tracy69@example.com,001-859-342-9939x8579,1975-04-24,2024-08-10,Corporate
CUST-00350,Sharon,Lang,lambertedward@example.net,(583)245-9631x46447,1972-09-02,2021-07-01,Wealth
CUST-00351,Claudia,Powell,wgill@example.net,270.786.3328x6059,1993-06-22,2023-04-17,Wealth
CUST-00352,Mariah,Jimenez,pollardalison@example.net,(287)293-9813x036,2007-09-15,2021-08-10,Wealth
CUST-00353,Jessica,Lozano,robinmoore@example.com,667-465-0793,1961-12-20,2021-04-05,Corporate
CUST-00354,Eric,Horton,abigailbuchanan@example.org,001-660-764-0724x955,1968-11-22,2025-08-03,Wealth
CUST-00355,Zachary,Lee,alicianewman@example.com,994.711.9321x161,1991-04-17,2024-06-13,Wealth
CUST-00356,Jennifer,Sanchez,chase67@example.org,(275)932-1513x82614,1986-09-23,2021-11-05,Corporate
CUST-00357,Darryl,Ortega,schwartzwilliam@example.com,474.978.6978,1965-02-28,2026-03-19,Retail
CUST-00358,Robert,Rodriguez,george30@example.org,954-836-9994,1975-10-16,2025-04-02,Corporate
CUST-00359,Michael,Flores,abaker@example.org,348-585-1617x176,1976-10-29,2024-11-18,Corporate
CUST-00360,Steven,Franklin,mariah88@example.org,279.312.2907,1946-08-09,2026-02-03,Retail
CUST-00361,Jonathan,Michael,shannonmarks@example.net,327-515-4041,1945-04-09,2024-02-11,Wealth
CUST-00362,Robert,Alvarado,gary85@example.com,507.610.5465x876,1981-09-01,2025-08-23,Retail
CUST-00363,Heidi,Long,nramirez@example.com,(688)786-9131,1972-09-26,2024-06-29,Wealth
CUST-00364,Allison,Lee,qmoody@example.com,(639)517-0884,2003-05-16,2022-04-26,Wealth
CUST-00365,Leslie,Jones,potternicholas@example.org,001-648-591-6657x3143,1994-05-10,2024-01-08,Corporate
CUST-00366,Sarah,Morris,scott39@example.com,482.983.5657,1950-04-19,2021-10-18,Retail
CUST-00367,Jeff,Davis,jrodriguez@example.org,609-564-9134x48557,1970-08-09,2024-02-11,Wealth
CUST-00368,Diane,Brown,crystalolson@example.com,001-282-463-8705,1960-02-07,2022-01-15,Wealth
CUST-00369,Kathy,Jones,patriciaduffy@example.net,368-834-0943x4090,1980-03-26,2021-08-11,Wealth
CUST-00370,Christie,Martin,carolyn97@example.org,001-654-317-3935x89022,1936-01-09,2023-02-01,Corporate
CUST-00371,Donald,Johnson,howardtimothy@example.org,001-670-940-0560x1629,1945-04-14,2025-08-04,Corporate
CUST-00372,Jeffery,Hanson,dalton25@example.net,(391)503-0512x95347,1972-10-01,2025-06-14,Corporate
CUST-00373,David,Thompson,bethwilliams@example.com,+1-314-747-9178x432,1978-07-17,2025-05-22,Corporate
CUST-00374,Xavier,Reid,xcampbell@example.com,602-315-2083x3109,1951-12-16,2023-01-28,Corporate
CUST-00375,Jean,Santos,aosborne@example.net,(624)945-2262x4426,1941-03-22,2025-02-19,Corporate
CUST-00376,Noah,Clayton,nrivera@example.com,001-618-788-6135x9133,2006-04-03,2022-07-29,Retail
CUST-00377,James,Lane,dannypatterson@example.org,+1-629-764-4960x478,2005-11-30,2023-10-21,Retail
CUST-00378,Lawrence,Williams,paula52@example.net,(856)421-8208x89010,1974-01-20,2023-05-20,Wealth
CUST-00379,Alfred,Davis,jeffreypaul@example.net,550.697.0816x915,1936-06-03,2023-06-19,Retail
CUST-00380,Keith,Moore,yorkholly@example.com,926-666-2295,1965-07-07,2021-06-17,Wealth
CUST-00381,Daniel,Donovan,dylan54@example.net,673-572-6728x65455,1944-10-30,2021-09-22,Retail
CUST-00382,Kathryn,Walker,rachelbonilla@example.com,(254)832-9525,1995-05-06,2026-01-19,Corporate
CUST-00383,Sonya,Hernandez,ginaayers@example.org,978.414.6640x6831,1983-11-25,2023-11-15,Corporate
CUST-00384,Bernard,Schneider,jeffreychapman@example.com,243-531-0567,1981-06-18,2023-02-27,Corporate
CUST-00385,Anthony,Wood,carolyn75@example.com,339.737.9436,1943-12-28,2024-07-28,Retail
CUST-00386,Brian,Spencer,alicia53@example.net,227-456-1672x82075,1943-01-31,2025-03-07,Retail
CUST-00387,Kristen,Mccoy,vhorton@example.com,548.710.1613x981,2002-11-03,2023-03-19,Retail
CUST-00388,Mark,Sanders,mary60@example.org,(218)382-6601,2005-10-01,2022-01-05,Retail
CUST-00389,Lori,Mckinney,medinawilliam@example.org,+1-399-413-1783,1957-04-29,2022-08-31,Corporate
CUST-00390,Sheila,Patterson,katelyn04@example.com,+1-410-894-9272x3564,1955-07-15,2023-05-11,Corporate
CUST-00391,David,Wilson,runderwood@example.com,(595)983-9271x482,2000-08-31,2024-03-14,Corporate
CUST-00392,Lori,Dean,nicolehunter@example.org,387.712.0299x409,1964-10-25,2024-01-10,Wealth
CUST-00393,Robert,Herring,wrightjames@example.net,(282)687-7295x6137,1937-05-04,2022-05-22,Retail
CUST-00394,Eric,Castro,dianeheath@example.com,979.291.8167x37322,1970-04-02,2023-08-28,Corporate
CUST-00395,Adam,Wang,mary20@example.org,811.686.7869,1964-12-27,2022-11-14,Corporate
CUST-00396,Julie,Bray,robertwood@example.net,001-792-423-2288x028,1970-06-10,2022-03-27,Wealth
CUST-00397,Brandon,Swanson,zimmermanemily@example.com,001-248-574-1340x75454,1938-04-12,2023-12-29,Corporate
CUST-00398,Julie,Khan,beasleyphyllis@example.com,(510)255-1530x998,1984-08-11,2025-05-03,Wealth
CUST-00399,Ashley,Jones,lhernandez@example.net,001-743-333-1002x4381,1980-08-18,2021-11-20,Corporate
CUST-00400,Kevin,Cunningham,powerstina@example.com,001-856-445-0306x16575,1978-03-25,2022-12-01,Wealth
CUST-00401,Victoria,Stewart,hannah49@example.com,(352)390-6859,1937-07-28,2023-01-11,Wealth
CUST-00402,Michael,Ramos,millerstephen@example.net,837-692-3714,1978-03-18,2025-06-16,Retail
CUST-00403,Adam,Long,xbaker@example.com,+1-619-409-7322,1969-12-08,2024-12-17,Wealth
CUST-00404,Sarah,Lopez,panderson@example.com,656.255.1027,1985-05-17,2024-02-02,Retail
CUST-00405,Rachel,Tucker,sharon34@example.com,6305942959,1977-08-22,2021-07-27,Corporate
CUST-00406,Brandon,Johnson,wilsonjacob@example.com,7045461914,1958-03-14,2025-03-20,Wealth
CUST-00407,Alexander,Hartman,drice@example.org,(990)839-1415x758,1972-03-30,2022-03-27,Corporate
CUST-00408,Ryan,Wright,clarknancy@example.com,(834)961-4553,1975-04-07,2023-12-06,Corporate
CUST-00409,Marcus,Fisher,johnsoneric@example.com,4418877361,1979-08-28,2022-04-28,Corporate
CUST-00410,Wendy,Quinn,lnewton@example.net,283-823-3178x23129,1946-09-19,2023-04-30,Wealth
CUST-00411,Steven,Rivas,ugillespie@example.com,+1-707-620-7367x88219,1980-03-20,2024-12-13,Retail
CUST-00412,Bonnie,Bailey,jphillips@example.com,001-237-502-5045,1935-12-28,2023-09-22,Wealth
CUST-00413,Phillip,Frost,cdixon@example.com,988-316-1576x6260,2004-01-10,2023-01-12,Wealth
CUST-00414,Jared,Rodriguez,antonioharris@example.com,(527)545-7286x0327,1999-07-30,2021-12-27,Retail
CUST-00415,Jennifer,Gray,benjaminesparza@example.org,(777)704-1594x83753,1958-01-14,2023-08-25,Wealth
CUST-00416,Danny,Kirk,dhowell@example.net,975.566.6390x364,1964-12-15,2023-11-04,Retail
CUST-00417,Erika,Peterson,savannah44@example.org,239-238-0388x6466,1990-12-17,2022-02-27,Wealth
CUST-00418,Leslie,Stanley,martinrobert@example.org,250-467-1526x145,1997-04-03,2022-02-01,Corporate
CUST-00419,Natalie,Griffith,joshua79@example.net,747-399-5870x03111,2005-09-03,2025-10-26,Corporate
CUST-00420,Megan,Bell,lori27@example.org,001-982-304-0909x05969,1974-10-23,2024-07-05,Retail
CUST-00421,Billy,Johnson,samueljennings@example.com,001-722-877-9072,1975-05-10,2023-01-23,Retail
CUST-00422,Daniel,Kim,umartinez@example.org,890-651-4459,1940-07-19,2024-01-16,Corporate
CUST-00423,Tyler,Wilson,myoung@example.com,+1-285-975-9131x4845,1974-06-14,2022-01-01,Retail
CUST-00424,Jasmine,Perry,claudia49@example.org,001-894-340-7742x7377,1967-01-03,2024-05-30,Retail
CUST-00425,Joseph,Ramos,aaronfriedman@example.com,(493)901-2384x85199,1958-12-25,2024-11-05,Wealth
CUST-00426,Anthony,Valenzuela,russellgerald@example.org,538-753-0883,1971-12-14,2023-07-01,Retail
CUST-00427,Christine,Nelson,patrick41@example.com,6929718828,1954-04-29,2024-05-12,Corporate
CUST-00428,Robert,Cole,jennifer81@example.com,001-450-887-9583x0118,1996-07-09,2022-12-27,Corporate
CUST-00429,Kimberly,Hernandez,leejenna@example.com,959-470-2357,1954-12-20,2023-10-04,Retail
CUST-00430,Alejandra,Whitney,william22@example.com,(916)712-5193x929,1992-12-14,2022-03-09,Retail
CUST-00431,David,Brady,margaretjohnson@example.com,+1-472-297-6339,1994-03-11,2023-09-12,Retail
CUST-00432,Amy,Rose,cody59@example.org,493.353.3988,1935-06-04,2021-06-23,Wealth
CUST-00433,Elizabeth,Gardner,cbryant@example.com,001-354-405-9257,1947-01-02,2024-10-08,Retail
CUST-00434,William,Fischer,vmorgan@example.com,409.673.5060,1946-06-22,2026-01-20,Retail
CUST-00435,Hailey,Mclaughlin,tparker@example.org,(918)810-4649x77676,1980-05-09,2021-10-19,Wealth
CUST-00436,Danielle,Holmes,wallertaylor@example.net,427-805-7356x8168,1969-04-14,2025-10-04,Corporate
CUST-00437,Kathryn,French,lisawagner@example.net,+1-941-626-4065x39307,2005-09-24,2024-01-10,Corporate
CUST-00438,Jason,Watkins,phillip25@example.com,(705)219-3127,2002-09-05,2026-03-02,Corporate
CUST-00439,Kyle,Weeks,davisjohn@example.com,305.640.6808x415,1978-12-23,2022-09-30,Corporate
CUST-00440,Angie,Williams,houstoncheryl@example.com,001-241-502-5860x57384,1980-03-30,2024-12-06,Retail
CUST-00441,Kevin,Cooper,john06@example.com,410-615-2607,2004-03-29,2025-06-30,Corporate
CUST-00442,Brandon,Carr,hchambers@example.com,3663672713,1944-01-31,2025-05-22,Corporate
CUST-00443,Anita,Russo,iwheeler@example.org,2089928296,1955-05-13,2023-12-18,Retail
CUST-00444,Dawn,Velasquez,acoleman@example.org,001-537-922-8373x34856,1937-04-20,2024-05-28,Retail
CUST-00445,Samuel,Smith,amandawilson@example.org,796-583-8024x41999,1972-08-16,2026-02-10,Wealth
CUST-00446,Donna,Williams,blackmichael@example.org,636-628-0084,1943-01-24,2024-09-02,Corporate
CUST-00447,Robert,Davis,brittanytyler@example.com,2254931747,1974-03-04,2022-11-27,Wealth
CUST-00448,Cathy,Pratt,ehernandez@example.net,+1-494-702-6390x52069,1973-03-09,2022-01-20,Corporate
CUST-00449,Amber,Graves,vfigueroa@example.net,+1-856-507-0649x68732,1979-11-15,2024-06-08,Wealth
CUST-00450,Kimberly,Clark,joseph15@example.com,960.630.4766x27458,1956-07-05,2022-01-27,Wealth
CUST-00451,Emily,Crawford,mistymeyer@example.com,001-332-200-0017x60343,1954-03-17,2024-02-29,Corporate
CUST-00452,Mark,Swanson,richardross@example.org,(638)302-6819,1966-10-21,2023-10-30,Retail
CUST-00453,Christina,Taylor,sarahgalvan@example.org,+1-814-257-5233x4315,1994-05-15,2023-05-29,Corporate
CUST-00454,Stephanie,Diaz,isaacthomas@example.net,570.337.8838x9269,1972-06-08,2025-05-03,Corporate
CUST-00455,Patrick,Graham,jillianthompson@example.com,001-748-297-5697,2007-03-29,2025-03-09,Corporate
CUST-00456,Justin,Lara,toddsmith@example.com,7756807152,1975-08-22,2021-10-10,Wealth
CUST-00457,Patrick,Ross,kyleford@example.org,(277)250-9452,1944-06-22,2023-06-19,Corporate
CUST-00458,Katherine,Patrick,desireeanderson@example.net,+1-693-426-3672x1446,2000-07-05,2023-04-03,Retail
CUST-00459,Jeremiah,Caldwell,christopher57@example.org,(752)290-9646x3518,1948-01-16,2024-06-16,Corporate
CUST-00460,Chelsea,Bishop,josephthompson@example.org,+1-429-759-1588,1943-06-07,2024-08-27,Retail
CUST-00461,Kristin,King,calvinjones@example.org,+1-852-410-3421,1972-07-12,2024-09-07,Corporate
CUST-00462,Bianca,Ferguson,collinsjason@example.net,+1-939-611-9753x6703,1968-05-19,2025-06-19,Wealth
CUST-00463,Jeanette,Gray,parkerlaurie@example.com,(955)282-2269x43021,1983-02-02,2026-01-23,Corporate
CUST-00464,Kristina,James,patelmichelle@example.com,(453)381-9956x1156,1980-05-17,2026-03-12,Retail
CUST-00465,Joshua,Jackson,brandi74@example.org,+1-241-716-3713x3456,1996-06-22,2022-06-02,Wealth
CUST-00466,Austin,Brewer,kelsey47@example.org,705.948.0172x9829,1938-01-18,2022-09-26,Corporate
CUST-00467,Scott,Foster,carpenterdavid@example.net,253.701.7335x409,1936-12-23,2024-12-17,Retail
CUST-00468,Kimberly,Ellison,millersean@example.org,001-928-768-2041,1971-09-08,2023-09-05,Wealth
CUST-00469,Jessica,Hardy,masonmelissa@example.org,(421)944-4987,1985-07-28,2023-03-19,Corporate
CUST-00470,Kelsey,Caldwell,hvasquez@example.com,757.945.9655x30989,1940-01-20,2023-05-13,Retail
CUST-00471,Heidi,Ryan,kathy81@example.net,001-945-607-8669x4927,1965-11-08,2024-12-19,Corporate
CUST-00472,Gregory,Willis,cartermary@example.com,(835)923-0671x4430,1998-02-28,2021-11-07,Retail
CUST-00473,Roy,Hopkins,dgarza@example.net,+1-201-682-9485x0875,1976-03-02,2022-08-10,Corporate
CUST-00474,Brittany,Bell,kimberlylopez@example.net,859-245-3676,1997-05-08,2022-06-13,Corporate
CUST-00475,Larry,Brown,rodriguezmelanie@example.com,5177974444,1990-10-24,2021-11-30,Corporate
CUST-00476,Alex,Harris,jeannecoleman@example.net,001-931-483-1381x209,1995-09-13,2026-04-03,Retail
CUST-00477,Linda,Reynolds,chapmandonald@example.com,2277768318,1989-07-12,2025-02-16,Retail
CUST-00478,Darrell,Barnes,heidimartin@example.org,304.675.2673x032,1948-11-16,2023-07-29,Wealth
CUST-00479,Christopher,Williams,atkinsbruce@example.com,+1-517-452-3333x99017,1992-06-18,2022-11-11,Corporate
CUST-00480,Maria,Torres,bendertiffany@example.net,723-789-2161,1971-05-17,2025-06-12,Retail
CUST-00481,Cynthia,Alvarez,martinraymond@example.org,001-441-497-8043x820,1993-01-25,2023-12-06,Retail
CUST-00482,Bradley,Brooks,claytonclark@example.org,(587)624-3655,1977-02-27,2022-06-17,Wealth
CUST-00483,Christopher,Coleman,flowerstiffany@example.net,570-905-3607x855,1993-12-23,2021-05-27,Wealth
CUST-00484,Karl,West,bblair@example.org,001-266-984-3733x7738,1937-07-03,2021-09-25,Retail
CUST-00485,Mark,Henry,tanya54@example.org,(579)819-1813,1978-06-07,2021-05-31,Corporate
CUST-00486,Gabriel,Hahn,dmitchell@example.net,+1-629-209-5137x022,2001-08-10,2024-12-14,Retail
CUST-00487,Virginia,Sanders,csummers@example.org,214-388-2750,1974-05-19,2022-10-26,Retail
CUST-00488,Olivia,Jones,fulleraaron@example.org,001-443-475-0371x383,1981-08-29,2022-08-29,Retail
CUST-00489,Stephanie,Bridges,alexander54@example.org,957.264.8597x627,1944-09-04,2022-11-17,Corporate
CUST-00490,Larry,Wood,christopher25@example.com,(944)314-4349,1980-02-11,2024-09-02,Corporate
CUST-00491,Bryce,Martin,acordova@example.com,001-486-314-3529x546,1956-07-05,2025-01-20,Retail
CUST-00492,Kyle,Malone,carolynschmidt@example.org,(569)601-5633x18871,1997-08-15,2021-10-14,Retail
CUST-00493,Lisa,Hill,xcrawford@example.net,+1-325-958-9271x63865,1968-09-23,2024-12-01,Corporate
CUST-00494,Wendy,Roberts,atkinsonjulie@example.net,+1-940-721-5959x95186,1943-01-15,2021-10-30,Retail
CUST-00495,Stacy,Glover,xavier66@example.com,361.882.8551x8796,2001-12-08,2025-06-22,Corporate
CUST-00496,Julie,Oconnor,hgarcia@example.net,+1-927-723-9543x376,2004-05-27,2023-12-04,Corporate
CUST-00497,Jeremy,Franklin,sandersrichard@example.net,445.453.9635,1983-11-23,2021-05-26,Retail
CUST-00498,Jackie,York,francismatthew@example.net,001-751-567-8788x51918,1994-11-16,2025-11-27,Retail
CUST-00499,Theresa,Kim,littlebrooke@example.net,6508981477,1966-11-22,2021-04-29,Retail
CUST-00500,Robert,West,franklinmariah@example.net,782.372.6480x46039,2000-10-17,2025-07-15,Wealth
CUST-00501,Alan,Crane,randallhall@example.com,001-488-952-8140x2339,1945-10-10,2022-12-21,Wealth
CUST-00502,Barbara,Taylor,mccannglenda@example.com,(270)978-2384x632,1950-06-20,2025-10-04,Retail
CUST-00503,Benjamin,Tate,robbinspeter@example.com,001-668-311-4849,1967-02-08,2023-06-27,Retail
CUST-00504,Jason,Davis,emma41@example.org,001-558-666-6525,2001-05-29,2021-07-24,Wealth
CUST-00505,Donna,Marsh,samuel36@example.net,989.441.1705,1963-04-22,2025-05-13,Corporate
CUST-00506,Kelly,Shaw,jonesnatalie@example.com,833-934-1642x341,1994-05-20,2023-05-02,Corporate
CUST-00507,Charles,Galvan,stanleyandrew@example.org,001-922-769-5398,1937-09-11,2025-02-02,Corporate
CUST-00508,Tiffany,Howard,wquinn@example.com,2596125290,2007-02-09,2024-05-17,Corporate
CUST-00509,Christine,Williams,sherryrodriguez@example.org,214-712-2888x529,1968-03-14,2021-09-08,Wealth
CUST-00510,Natalie,Rivera,imorris@example.net,8522552800,1983-01-04,2024-02-05,Wealth
CUST-00511,Jeff,Lloyd,nwilson@example.com,767.951.9767x0458,1944-07-26,2026-02-17,Retail
CUST-00512,Wesley,Hamilton,jwebb@example.org,341-206-6807x7850,1939-07-14,2024-04-30,Wealth
CUST-00513,Melinda,Hanna,wwilson@example.com,+1-691-708-4583,1952-09-05,2021-12-03,Corporate
CUST-00514,Rachel,Rose,collinsandrew@example.org,001-961-828-4285x919,1945-06-12,2022-03-26,Wealth
CUST-00515,Amy,Thomas,ihodges@example.net,+1-879-789-8181x40871,1962-01-24,2024-06-24,Retail
CUST-00516,Mary,Jones,gregoryvance@example.org,+1-936-391-6896,2007-08-25,2022-01-12,Retail
CUST-00517,Adam,Armstrong,edward30@example.org,(477)498-2783x396,1956-12-19,2025-05-07,Retail
CUST-00518,Justin,Smith,fullerjustin@example.net,(395)563-0648x13616,2004-07-17,2026-03-05,Wealth
CUST-00519,Austin,Marshall,ecarroll@example.net,856.289.6382,1952-04-06,2026-02-26,Wealth
CUST-00520,Bobby,Allen,carolynclark@example.com,446.745.7962x421,1983-04-13,2023-08-08,Retail
CUST-00521,Anna,Lee,jared84@example.org,9272183905,1960-11-25,2024-05-10,Corporate
CUST-00522,Melanie,Gates,andrea03@example.org,690.986.9859,2001-11-21,2025-02-25,Wealth
CUST-00523,Matthew,Hicks,cortezbrittany@example.org,203-463-2541,1941-09-02,2022-07-05,Corporate
CUST-00524,Elizabeth,Jordan,vbrown@example.org,629.979.2157x9458,1964-06-02,2024-12-29,Retail
CUST-00525,Wayne,Kemp,cherrykevin@example.org,+1-464-755-0036x312,1944-03-09,2021-07-24,Corporate
CUST-00526,Deborah,Black,mendezcarla@example.org,+1-982-913-7818x59902,1947-07-02,2025-06-16,Corporate
CUST-00527,Justin,Johnson,hhickman@example.org,(974)380-0058,1962-07-04,2022-05-15,Retail
CUST-00528,James,Gutierrez,evan77@example.net,670-718-0690,1984-02-10,2026-03-04,Corporate
CUST-00529,Michelle,Huffman,whitney97@example.org,703.930.1245x1552,1963-02-26,2023-06-10,Retail
CUST-00530,Gary,Lee,longamy@example.net,707-411-8447x2738,1983-10-23,2024-07-25,Corporate
CUST-00531,Melissa,Soto,randy30@example.org,001-697-211-0140x348,1974-06-25,2025-02-20,Retail
CUST-00532,Tiffany,Salinas,vblair@example.com,879.210.2961x91207,1994-03-06,2021-05-25,Retail
CUST-00533,Brian,Clark,johnmoore@example.com,001-926-486-3846x70712,1999-10-14,2022-05-06,Corporate
CUST-00534,William,Thompson,joshua55@example.net,352.478.4205,2007-11-01,2023-05-27,Wealth
CUST-00535,Linda,Murphy,jeffrey28@example.org,(865)202-8705x0903,1959-04-01,2024-05-25,Corporate
CUST-00536,Joel,Freeman,torresmargaret@example.net,+1-516-596-4177,1992-01-11,2021-05-11,Wealth
CUST-00537,Taylor,Goodman,nsnow@example.com,706.381.4988,1969-09-25,2024-12-21,Corporate
CUST-00538,Sara,Smith,kelli31@example.org,+1-335-632-5222,1955-04-24,2026-01-06,Wealth
CUST-00539,Natasha,Barrett,dprice@example.net,+1-788-751-7557x0590,1999-07-15,2025-02-28,Retail
CUST-00540,William,Sullivan,sharon74@example.com,001-401-525-1833x8394,1981-07-04,2026-03-16,Wealth
CUST-00541,Cynthia,Brooks,martinjoshua@example.org,001-503-553-7183x186,1958-09-04,2022-08-21,Retail
CUST-00542,Destiny,Smith,matthewjohnson@example.org,6719724762,1962-03-10,2022-11-16,Corporate
CUST-00543,Christina,Salinas,ismith@example.com,(938)517-1415x23188,1935-05-05,2021-08-19,Retail
CUST-00544,Felicia,Clarke,edwardgarcia@example.net,001-706-714-4360x6816,1995-01-30,2025-04-24,Wealth
CUST-00545,Teresa,Harrington,nicholasjohnson@example.com,941.997.0646x099,1968-05-07,2025-07-02,Corporate
CUST-00546,Sheryl,Knight,xreynolds@example.com,573.613.2728,1956-12-03,2022-02-04,Wealth
CUST-00547,Laura,Scott,jonathan41@example.net,586-751-7179,1982-07-04,2025-04-10,Corporate
CUST-00548,David,Schwartz,plewis@example.com,(291)881-1652,1993-08-30,2023-08-13,Wealth
CUST-00549,John,Herring,james24@example.com,766.513.2983x1176,2004-01-27,2021-04-21,Corporate
CUST-00550,Dakota,Turner,hmedina@example.net,(253)445-8706x2241,1969-08-23,2024-04-10,Wealth
CUST-00551,Abigail,Vaughn,abarton@example.org,(380)262-6476,1986-02-27,2024-03-22,Retail
CUST-00552,Aaron,Gilbert,ulozano@example.net,9898278161,2006-05-08,2022-01-10,Retail
CUST-00553,Christopher,Walsh,dtorres@example.org,001-387-436-5323x66726,1986-10-22,2021-06-25,Wealth
CUST-00554,Courtney,Munoz,katherine78@example.net,001-931-550-3991x6862,1954-10-21,2024-05-04,Corporate
CUST-00555,Kathryn,Randall,arnoldjeffery@example.net,(571)440-4997,1957-01-17,2021-04-22,Retail
CUST-00556,Daniel,Taylor,schmidtkathryn@example.net,897-996-4014,1967-10-03,2025-04-10,Wealth
CUST-00557,Jeremy,Figueroa,nicholasjones@example.com,001-962-915-8730,1988-01-15,2024-04-11,Wealth
CUST-00558,Alyssa,Mann,ann45@example.org,484-642-8665,1996-04-11,2024-01-28,Corporate
CUST-00559,John,Perkins,scott73@example.org,(900)903-9568,2000-11-02,2024-11-07,Corporate
CUST-00560,Colton,Oliver,pamelakhan@example.com,4853733242,1999-11-15,2022-02-08,Retail
CUST-00561,Luke,Mercado,qmeyer@example.com,001-526-981-1379,1988-01-01,2022-06-22,Retail
CUST-00562,Kimberly,Bailey,xschmidt@example.org,(279)680-1970x2825,1962-07-18,2024-10-01,Corporate
CUST-00563,Chloe,Garcia,kimberly49@example.net,(448)452-9546,1990-06-16,2021-09-11,Retail
CUST-00564,Jeremy,Jimenez,holmesheather@example.com,001-918-789-1473x83925,1961-09-15,2022-04-17,Retail
CUST-00565,Michael,Hall,scott21@example.net,+1-260-590-5372x9788,1937-11-27,2025-12-04,Retail
CUST-00566,Nicole,Smith,theodore12@example.com,001-422-534-5270,1947-08-21,2022-03-21,Retail
CUST-00567,Melissa,Maxwell,jeffrey56@example.org,512.426.2155,1966-04-13,2024-12-06,Corporate
CUST-00568,James,Thomas,ureynolds@example.net,(469)553-0765,1943-09-01,2024-05-26,Wealth
CUST-00569,Kevin,Abbott,monicabradley@example.net,001-912-267-3836x8131,1961-06-11,2026-03-09,Corporate
CUST-00570,Paula,Sharp,kimberly84@example.org,874-680-7243x241,1940-03-07,2022-09-27,Corporate
CUST-00571,Susan,Knox,huberian@example.org,001-636-471-2179x245,1935-10-26,2024-05-03,Wealth
CUST-00572,Kathleen,Fletcher,fostermario@example.net,662-619-2778,1956-05-20,2025-09-05,Retail
CUST-00573,Donald,Foster,brownjill@example.com,(339)931-5051,1951-08-30,2021-05-02,Wealth
CUST-00574,Peggy,Garcia,clarktoni@example.com,530.355.4617x911,1987-10-09,2022-08-06,Wealth
CUST-00575,Jason,Matthews,logan46@example.net,234.576.3918x933,1980-06-12,2025-10-30,Retail
CUST-00576,Angela,Flores,rowekimberly@example.com,+1-472-535-3976,1957-06-17,2022-04-15,Retail
CUST-00577,David,Miller,rothbenjamin@example.com,919-258-1829x84940,1988-09-02,2024-04-05,Corporate
CUST-00578,Robert,Chandler,lucascarr@example.org,+1-686-350-0791x968,1985-04-20,2025-02-06,Retail
CUST-00579,Dawn,Miller,campbelldenise@example.org,(981)455-2148x2392,1961-03-28,2025-03-05,Corporate
CUST-00580,Maria,Clark,brittanyrodriguez@example.com,(778)424-8540x677,1942-09-29,2021-09-02,Corporate
CUST-00581,Sharon,Weiss,douglas10@example.com,481.487.6578x4093,1943-08-18,2025-05-11,Corporate
CUST-00582,Brittany,Wolfe,alexis58@example.org,001-398-927-3077x5504,1972-12-16,2024-10-14,Wealth
CUST-00583,Derrick,Burton,sherry87@example.com,001-779-997-8427,1952-11-23,2022-05-19,Wealth
CUST-00584,Michael,Williams,nancy46@example.com,705.369.5483,1998-01-30,2023-04-10,Corporate
CUST-00585,John,Hunt,wesleymartinez@example.org,273.291.9928x61328,1964-12-08,2021-09-24,Wealth
CUST-00586,Amber,Burns,brandonbishop@example.com,306-654-9886,1966-04-12,2025-01-22,Retail
CUST-00587,John,Powell,rosstammy@example.org,+1-440-469-5706x466,1991-03-26,2022-05-22,Wealth
CUST-00588,Kimberly,Gibbs,ihoffman@example.org,734-782-7245x8501,1939-10-28,2022-11-10,Retail
CUST-00589,Brian,Hansen,allison58@example.org,(583)304-1508x46402,2004-09-19,2021-08-03,Corporate
CUST-00590,Andrew,Medina,jennyburke@example.org,+1-400-505-1526x4259,1954-06-07,2022-07-10,Corporate
CUST-00591,Patrick,Knight,michael70@example.net,244.501.2833x815,1977-07-13,2025-12-08,Retail
CUST-00592,Matthew,Jackson,pereztimothy@example.com,586-687-6854x80834,1981-11-28,2025-12-04,Wealth
CUST-00593,John,Baldwin,patricia32@example.net,001-268-231-1342x53248,1955-06-17,2022-04-04,Retail
CUST-00594,Lisa,Jackson,norma88@example.org,+1-985-950-1225x69829,1994-02-26,2022-09-23,Wealth
CUST-00595,Stacey,Rodriguez,ireyes@example.net,+1-763-396-8290,1940-04-08,2023-05-18,Retail
CUST-00596,Kevin,Smith,williedyer@example.net,276-747-4614,1964-06-15,2023-11-26,Wealth
CUST-00597,Lori,Burnett,ljohnson@example.com,001-949-780-1215x032,1970-07-22,2023-08-16,Retail
CUST-00598,Derek,Silva,pachecopatrick@example.org,001-494-353-3170,2002-11-19,2024-01-02,Retail
CUST-00599,Scott,Parker,danielle92@example.net,911-447-2313x1684,1942-08-22,2022-11-19,Retail
CUST-00600,Cheryl,Bennett,paula11@example.net,001-315-437-0804x2779,1967-08-06,2023-07-03,Retail
CUST-00601,Christopher,Wood,kelseyparker@example.org,+1-796-967-0946x82093,1942-02-12,2023-08-31,Wealth
CUST-00602,Matthew,Dixon,mortonbradley@example.net,256-624-4998x9834,2002-03-11,2025-08-22,Retail
CUST-00603,Melissa,Herrera,walter34@example.org,811-909-9457x47262,1985-12-20,2026-03-11,Retail
CUST-00604,Grace,White,dustin86@example.org,+1-616-474-6945x326,1982-01-13,2025-11-27,Wealth
CUST-00605,Elizabeth,Moore,michaelfrancis@example.net,335.511.7898x064,1993-11-23,2024-05-31,Retail
CUST-00606,Marcus,Lewis,markwilliams@example.org,(905)395-3246,1938-05-22,2022-10-05,Retail
CUST-00607,Shelby,Lutz,robertsloan@example.net,(249)479-6214x68247,1991-01-06,2021-12-22,Corporate
CUST-00608,Connie,Adams,deanturner@example.com,523-616-2501,1995-09-03,2024-07-26,Wealth
CUST-00609,Andrew,Johnson,pparker@example.org,001-588-778-2574x6583,1994-06-11,2025-08-22,Wealth
CUST-00610,Stephen,Bryant,rebecca79@example.com,+1-322-282-3590,2000-12-23,2023-07-31,Wealth
CUST-00611,Jennifer,Orr,lambertjames@example.net,001-226-948-5068,1951-12-21,2021-08-19,Retail
CUST-00612,Michael,Wallace,richardsoncrystal@example.com,353-646-8268x7747,1955-04-16,2021-05-12,Retail
CUST-00613,Christopher,Moore,brockmarissa@example.com,377.803.0192x129,1952-02-14,2022-04-21,Wealth
CUST-00614,Tiffany,Tate,haley08@example.org,903.834.5994,1955-12-25,2023-03-29,Wealth
CUST-00615,Jennifer,Russell,michaelsmith@example.net,(411)338-5087x105,2003-05-22,2023-09-05,Wealth
CUST-00616,Raymond,Carter,marshalltaylor@example.org,(833)745-3870,1966-06-18,2021-08-06,Wealth
CUST-00617,Carrie,Sharp,eblackburn@example.org,336-225-8404x83410,1959-09-13,2023-08-24,Corporate
CUST-00618,Jonathan,Clements,kayla15@example.org,(390)524-3472x878,1982-07-15,2024-10-20,Wealth
CUST-00619,Roger,Young,xhernandez@example.com,330-326-4987x72086,1966-12-25,2023-09-14,Retail
CUST-00620,Tracy,Hill,justinswanson@example.org,+1-878-216-4473,1955-04-18,2022-09-14,Corporate
CUST-00621,Lauren,Hunt,phillipball@example.net,(718)448-1889x268,1950-12-21,2024-04-16,Corporate
CUST-00622,Emily,Jones,robert42@example.net,380.649.8255,1935-11-12,2024-04-13,Retail
CUST-00623,Morgan,Lynn,thomas85@example.net,946-797-5596x34220,1984-11-14,2023-10-16,Corporate
CUST-00624,Michael,Perez,carolbuck@example.net,+1-741-765-4127x3611,1965-11-05,2023-10-02,Wealth
CUST-00625,George,Hoffman,mariaanderson@example.net,001-345-893-5550,1994-09-26,2024-06-11,Corporate
CUST-00626,Taylor,Davis,hgrimes@example.com,+1-685-395-4117x28578,1949-03-21,2024-04-24,Retail
CUST-00627,Jason,Parsons,ramireztimothy@example.com,788.410.2901x81426,1954-02-15,2025-04-22,Corporate
CUST-00628,Kara,Kane,fperkins@example.net,(259)347-9273x4347,1981-12-08,2024-02-11,Wealth
CUST-00629,Katherine,Rodriguez,alynn@example.net,001-337-463-7874x90255,1988-01-31,2023-11-18,Corporate
CUST-00630,David,Clark,elizabeth42@example.com,+1-322-491-7691x084,1994-01-24,2022-08-04,Corporate
CUST-00631,Morgan,Robinson,andrew93@example.com,(678)572-3331x7927,1945-12-11,2024-11-19,Wealth
CUST-00632,Jennifer,Armstrong,robert55@example.org,001-392-201-4732x371,1962-12-03,2021-08-15,Retail
CUST-00633,David,Richards,moorerachel@example.org,203-540-6227x9074,1991-07-19,2024-04-13,Wealth
CUST-00634,Hannah,Gibson,johnsonstephen@example.com,(886)812-6476,1982-07-05,2025-06-28,Wealth
CUST-00635,Thomas,Cardenas,blackwelljohn@example.com,(961)467-8148,1988-05-16,2023-02-20,Corporate
CUST-00636,Alan,Ramirez,douglas41@example.com,+1-843-789-1498x425,1954-10-01,2022-05-17,Corporate
CUST-00637,Samuel,Nelson,wendytaylor@example.com,+1-476-562-6538x35395,1949-08-14,2021-07-06,Retail
CUST-00638,Jonathan,Nolan,anthony02@example.org,966.656.6461,1962-01-06,2022-02-04,Wealth
CUST-00639,Corey,White,llittle@example.net,845.614.8499x7091,1990-04-13,2025-06-17,Wealth
CUST-00640,Jeffrey,White,walshkevin@example.net,+1-571-482-2603x321,1957-10-21,2025-07-18,Retail
CUST-00641,Donald,Robinson,michelle76@example.net,+1-932-381-7141x68187,1957-10-26,2023-09-13,Corporate
CUST-00642,Lisa,Rose,robert32@example.org,912.428.3555,1980-01-08,2024-03-14,Corporate
CUST-00643,Margaret,Lee,michael03@example.org,001-817-997-1947x82716,1963-10-01,2025-06-12,Wealth
CUST-00644,Brian,Meyers,qmiller@example.org,+1-511-854-4968,1965-12-21,2022-11-08,Retail
CUST-00645,Patrick,Henderson,josephhayes@example.org,001-219-467-3101,1964-01-22,2021-09-04,Wealth
CUST-00646,Anna,Carlson,rogerswilliam@example.org,563-859-5160x328,2002-04-10,2021-09-19,Corporate
CUST-00647,James,Moore,nbishop@example.net,666-685-5902x475,1998-11-10,2022-02-20,Retail
CUST-00648,Ivan,Hernandez,nicholasrodriguez@example.org,302.975.9111x105,1998-08-30,2023-12-19,Wealth
CUST-00649,Mitchell,Jones,tinafreeman@example.com,+1-370-562-3554x8555,1953-06-12,2025-08-26,Wealth
CUST-00650,Walter,Flores,phillipsadrienne@example.org,(938)524-0316x067,2007-11-06,2024-06-14,Wealth
CUST-00651,Sharon,Rodriguez,markromero@example.com,3878544673,1998-12-10,2024-12-29,Retail
CUST-00652,Jennifer,Thomas,waltereric@example.net,(711)860-5325x5690,1937-06-10,2022-07-16,Wealth
CUST-00653,Shelby,Mcbride,nvincent@example.org,656.953.5424x2892,1943-12-24,2024-12-16,Wealth
CUST-00654,Angel,Torres,andrew99@example.com,3497977238,1979-08-16,2025-03-31,Retail
CUST-00655,Dale,Ayala,charlessimmons@example.org,+1-955-220-6959x1261,1994-12-04,2023-10-16,Wealth
CUST-00656,Timothy,Anderson,paul93@example.net,709-287-7380x478,1993-01-26,2024-04-16,Wealth
CUST-00657,Christian,Anderson,jstewart@example.org,5608110390,1952-12-21,2025-12-31,Retail
CUST-00658,William,Mcdaniel,popedanielle@example.com,001-705-445-3932x3665,2003-01-19,2023-03-26,Corporate
CUST-00659,John,Carlson,douglas11@example.net,(350)457-7003,1984-08-05,2023-08-07,Retail
CUST-00660,Rachel,Fields,caroline23@example.org,+1-517-981-4688x6014,1982-12-01,2023-05-09,Corporate
CUST-00661,Katherine,Morales,tsmith@example.com,265-877-1583x02213,1945-11-01,2022-12-30,Retail
CUST-00662,Kimberly,Baker,andrewcraig@example.com,+1-361-404-2070x458,1976-10-05,2024-09-08,Retail
CUST-00663,Timothy,Weaver,jameskaren@example.com,+1-803-299-1676x6475,1958-04-07,2023-12-19,Retail
CUST-00664,Carol,Sampson,sbooth@example.org,313.695.9385x70351,1959-10-10,2026-01-18,Wealth
CUST-00665,James,Burton,nelsonbrandon@example.org,974.674.8525x308,1960-07-08,2022-07-21,Corporate
CUST-00666,Eric,Jones,ronaldcalhoun@example.com,(267)922-1778x3957,1959-01-18,2023-04-07,Retail
CUST-00667,Sabrina,Alvarez,ballardkatie@example.org,001-801-438-3306x09770,1948-09-26,2025-06-02,Corporate
CUST-00668,Veronica,Harper,ritahernandez@example.org,2232173796,1966-11-11,2025-10-04,Wealth
CUST-00669,Rebecca,Parker,elizabethjohnson@example.net,668.686.6894x23452,1965-03-18,2022-10-29,Corporate
CUST-00670,Sandra,Rose,boydkendra@example.org,+1-314-726-2036,1949-11-20,2025-01-09,Corporate
CUST-00671,Judith,Elliott,butlerkaren@example.net,001-988-688-0595x3733,1996-05-05,2022-04-27,Corporate
CUST-00672,Kristina,Schultz,schultzalexander@example.org,(341)959-8327,2002-12-09,2026-01-08,Wealth
CUST-00673,Curtis,Turner,jasonross@example.org,(489)715-8028x545,2007-08-01,2025-03-14,Retail
CUST-00674,Don,Crawford,ramirezjoseph@example.com,958.420.7269,1948-01-11,2024-11-12,Wealth
CUST-00675,Marc,Johnson,jallison@example.com,+1-460-886-9551x949,1944-04-18,2023-02-19,Retail
CUST-00676,Patricia,Morales,palmerronald@example.net,7068167022,1941-01-16,2025-06-15,Corporate
CUST-00677,Donald,Taylor,andrewsmelissa@example.net,208-279-0138,1999-06-14,2025-08-09,Retail
CUST-00678,Trevor,Gallagher,johnwu@example.com,328.497.3260x086,1988-02-29,2023-06-18,Retail
CUST-00679,Melissa,Wilkerson,brittany65@example.com,001-489-581-7483,1999-01-31,2023-09-14,Retail
CUST-00680,Sarah,Simpson,dli@example.org,280-662-7538,1954-06-07,2023-03-11,Corporate
CUST-00681,Steve,Medina,jeremy80@example.com,7613382932,2001-08-14,2023-03-08,Retail
CUST-00682,Christina,Moreno,lambertmaria@example.org,001-644-723-3089,1988-06-05,2024-01-30,Retail
CUST-00683,Kimberly,Daugherty,dustinharrington@example.org,367-663-1558,1972-05-15,2022-08-01,Wealth
CUST-00684,Jeremiah,Sanchez,jacquelinemacias@example.net,(491)968-7869x03709,2007-06-05,2023-09-10,Retail
CUST-00685,Matthew,Walsh,coreyrice@example.com,251-647-1439x496,1963-10-23,2025-08-18,Retail
CUST-00686,Jesus,Chambers,rstevens@example.org,4358428381,1968-08-19,2025-02-07,Corporate
CUST-00687,Beverly,Jones,johnsonpatricia@example.com,001-743-821-7489x50947,1956-09-17,2025-08-26,Corporate
CUST-00688,Ethan,Shaffer,jamesmcdonald@example.com,+1-330-920-8262x432,1999-12-25,2024-08-10,Retail
CUST-00689,Samuel,Williams,qgreene@example.com,3746234070,2000-09-22,2024-01-02,Wealth
CUST-00690,Robert,Davies,reynoldsmelissa@example.net,900.860.3679x845,1954-04-22,2025-09-02,Wealth
CUST-00691,David,Richardson,claytonkathleen@example.org,+1-481-550-3896x4216,1947-05-14,2025-04-13,Corporate
CUST-00692,Katelyn,Brown,gbell@example.net,859-941-7381,1993-05-25,2022-07-05,Wealth
CUST-00693,Kelly,Ritter,karenmartinez@example.net,+1-622-277-3114x55032,1989-04-01,2023-09-30,Retail
CUST-00694,Robert,Smith,acostatom@example.com,817.685.3070x15837,1951-03-12,2021-08-19,Retail
CUST-00695,Alejandro,Jefferson,obrown@example.org,(897)622-8488x2781,1947-08-25,2024-07-16,Corporate
CUST-00696,Amanda,Palmer,xabbott@example.com,928-619-0056x1047,1978-01-13,2021-06-03,Retail
CUST-00697,Diamond,Wilson,tracyphillips@example.org,001-851-485-8027x23454,1987-08-01,2024-04-08,Retail
CUST-00698,Christine,Burke,samantharandolph@example.net,8395858480,1941-01-10,2023-12-23,Corporate
CUST-00699,Christopher,Contreras,rebecca66@example.net,690.903.2863,1959-10-03,2022-10-07,Retail
CUST-00700,Valerie,Warren,howellyolanda@example.com,001-414-496-1813,1940-09-21,2021-12-11,Wealth
CUST-00701,Zachary,Williams,jeffrey97@example.org,001-738-566-3612x80670,1983-07-18,2022-07-01,Wealth
CUST-00702,Brianna,Phillips,nataliewoods@example.com,001-228-389-3635x21674,1942-11-04,2021-10-10,Retail
CUST-00703,Debbie,Mccormick,anthonymarsh@example.org,001-933-422-6836x15516,1984-09-12,2023-05-02,Corporate
CUST-00704,Jesse,Bowers,scottbarnes@example.com,+1-635-809-8747x9835,1961-03-02,2023-10-11,Corporate
CUST-00705,Katie,Petersen,mary80@example.net,898-704-9568x895,1962-02-16,2026-01-10,Corporate
CUST-00706,Theresa,Garcia,thompsonangela@example.com,(951)385-3057x75583,1958-03-28,2022-05-25,Corporate
CUST-00707,Trevor,Randall,mallory63@example.net,603-772-6101x852,1979-06-07,2026-04-01,Wealth
CUST-00708,Joe,Wagner,watkinsjacqueline@example.net,001-734-376-0817x9907,1960-06-08,2022-12-19,Wealth
CUST-00709,Melissa,Davis,zdunn@example.org,259.220.6934x22891,1976-04-25,2023-01-23,Corporate
CUST-00710,Jesse,Davis,kurt08@example.net,+1-289-348-6958,1982-12-27,2021-06-11,Wealth
CUST-00711,Sharon,Garcia,josephhowell@example.org,456-659-5250,1960-10-21,2021-11-21,Wealth
CUST-00712,Alison,Sanchez,abigail45@example.com,(400)827-7594,1944-09-23,2025-02-16,Wealth
CUST-00713,Jeffrey,Newman,felicia30@example.org,927.657.8409x5255,2004-10-19,2024-06-01,Wealth
CUST-00714,Victoria,Anderson,vbowen@example.com,668-688-1235x78559,1981-10-26,2023-11-16,Corporate
CUST-00715,Steve,Evans,shannonclark@example.com,680.496.0521x6213,2000-11-24,2025-07-02,Retail
CUST-00716,Jessica,Green,lknight@example.com,001-366-512-0709x68167,1956-07-31,2022-07-09,Corporate
CUST-00717,Linda,Clark,katiethomas@example.org,851.658.1009,1944-08-31,2024-10-02,Wealth
CUST-00718,Justin,Ryan,cathy23@example.net,+1-661-340-9450x47715,1988-08-25,2021-08-04,Corporate
CUST-00719,Brittany,Green,clarkerin@example.com,548-681-3154,1995-09-30,2022-05-14,Corporate
CUST-00720,Robert,Salazar,christina02@example.com,+1-446-959-0097,1950-10-11,2021-09-25,Corporate
CUST-00721,Melissa,Oneill,kevinarellano@example.org,001-661-533-7571,1977-07-01,2024-01-22,Corporate
CUST-00722,Scott,Williams,catherineerickson@example.net,835-359-9328x18437,1973-02-20,2026-03-19,Wealth
CUST-00723,Katherine,Smith,douglas42@example.com,664.524.5839x0562,1968-12-19,2022-12-25,Retail
CUST-00724,Ashley,Dixon,spencerjessica@example.org,+1-683-310-9661x72073,1969-05-14,2022-07-13,Corporate
CUST-00725,Taylor,Salazar,hdonovan@example.org,282.927.9699x3615,2002-10-24,2025-01-16,Retail
CUST-00726,Lisa,Murphy,millermichael@example.org,415-557-3378x8456,1946-12-02,2025-04-02,Corporate
CUST-00727,Cynthia,Henson,ronald62@example.com,+1-679-423-4094x0998,1990-11-08,2022-12-11,Retail
CUST-00728,Theresa,Garcia,mike24@example.com,(300)405-8129x7008,1958-02-25,2024-12-02,Retail
CUST-00729,Heather,Carter,qrandolph@example.net,(512)259-1134,1988-08-29,2022-09-11,Corporate
CUST-00730,Tamara,Wright,rvelasquez@example.org,+1-378-816-4666,1963-05-28,2021-07-06,Retail
CUST-00731,Elizabeth,Brown,ericadams@example.org,953.395.1338,2004-03-03,2021-05-24,Corporate
CUST-00732,Katherine,Arnold,ilindsey@example.org,885-209-0946,1962-12-12,2024-08-19,Retail
CUST-00733,Shannon,Rodriguez,ywhite@example.org,716.732.6168x612,1945-12-28,2025-09-18,Retail
CUST-00734,Phillip,Tran,wwilcox@example.net,739.964.2007x1815,1945-06-11,2025-10-24,Corporate
CUST-00735,Carrie,Myers,greenrachel@example.net,001-508-258-0661x53729,1971-04-13,2025-01-03,Retail
CUST-00736,Krystal,Rodgers,beth76@example.org,(865)422-6445,1961-05-01,2021-12-03,Wealth
CUST-00737,Brenda,Torres,dcraig@example.org,(263)437-2043x441,1992-01-13,2022-01-30,Corporate
CUST-00738,Ryan,Castillo,collin82@example.net,+1-221-669-3998x08219,2003-11-08,2025-03-08,Corporate
CUST-00739,Kathryn,Hall,nicole34@example.net,(441)912-4354x7597,1998-01-18,2024-08-03,Retail
CUST-00740,Adam,Orr,woodmichael@example.org,+1-354-621-8674x1788,2007-01-14,2025-02-13,Retail
CUST-00741,Julia,Conrad,natasha32@example.net,001-763-811-9399x300,1992-02-22,2025-04-23,Corporate
CUST-00742,Mark,Williams,leslie02@example.net,(477)847-1834,1942-02-24,2022-04-01,Wealth
CUST-00743,Jeremy,Harvey,martinezdavid@example.org,(826)978-3649,1944-02-09,2024-08-25,Retail
CUST-00744,Roberto,Warren,robersonlauren@example.com,001-648-464-3660,1950-04-03,2025-05-21,Wealth
CUST-00745,Tiffany,Williams,christinakhan@example.org,001-795-796-6039x6879,1944-06-11,2025-11-24,Corporate
CUST-00746,Scott,Williams,gutierrezjeffrey@example.com,328-614-3766x56276,1965-07-07,2022-07-03,Retail
CUST-00747,Brian,Weaver,michael20@example.com,474.225.7928x452,1982-11-01,2025-04-26,Wealth
CUST-00748,Cody,Butler,gonzalezalex@example.com,+1-626-760-3712x1325,2007-11-12,2023-07-01,Corporate
CUST-00749,Roberto,Stanley,aowens@example.com,001-379-514-8536x1507,1939-09-16,2024-11-16,Retail
CUST-00750,James,Butler,joseph48@example.com,635.386.3845,1949-03-04,2026-03-26,Corporate
CUST-00751,Joseph,Spencer,kcox@example.com,+1-937-835-8882,1968-06-14,2021-07-31,Corporate
CUST-00752,Ashlee,Anderson,christinewilson@example.org,001-323-726-3676x50351,1940-08-08,2025-06-10,Corporate
CUST-00753,Christina,Graves,ahenry@example.net,632-201-2733,1961-03-15,2025-04-06,Wealth
CUST-00754,Brittany,Knight,tonymartinez@example.com,273-706-8012x53897,1944-03-26,2025-07-11,Corporate
CUST-00755,Breanna,Phillips,robinsonchristian@example.org,423-669-6793,1984-07-23,2021-10-26,Wealth
CUST-00756,Seth,Mcclure,flopez@example.net,326.883.2524x1017,1938-05-12,2024-02-19,Wealth
CUST-00757,Heather,Hernandez,vazquezbreanna@example.com,+1-792-518-7825x40168,1940-04-07,2021-11-15,Wealth
CUST-00758,John,Graham,pnichols@example.org,+1-516-855-9275x4816,1943-04-16,2026-04-03,Wealth
CUST-00759,Corey,Lyons,jonathanreynolds@example.net,(905)666-8744x03914,1992-11-10,2024-07-23,Retail
CUST-00760,Ronald,Hughes,zharvey@example.org,6619141415,1972-11-07,2024-08-12,Wealth
CUST-00761,David,Sullivan,jimenezmike@example.net,983.400.9729,1982-12-09,2023-03-16,Corporate
CUST-00762,Jose,Decker,delgadoscott@example.org,(829)697-9777x200,2000-08-01,2023-08-08,Corporate
CUST-00763,Daniel,Castillo,ashah@example.net,827-897-7405x92952,2002-12-30,2023-12-10,Corporate
CUST-00764,Alex,Brown,thomas88@example.net,4478769463,1936-03-10,2025-08-22,Wealth
CUST-00765,Amy,Weaver,curtis90@example.net,945.291.0624x73807,2006-06-11,2025-04-03,Corporate
CUST-00766,Timothy,Curtis,danielthompson@example.net,(406)639-2529,1999-08-28,2022-06-24,Corporate
CUST-00767,Michael,Burton,drewholden@example.net,714-320-6418,1996-01-31,2025-12-09,Wealth
CUST-00768,Richard,Jenkins,mark66@example.com,+1-978-646-8793x03659,1983-01-16,2022-11-05,Retail
CUST-00769,Carl,Smith,cookejennifer@example.com,001-764-250-0446x2049,1936-02-02,2024-12-17,Retail
CUST-00770,Zachary,Smith,hobbsshawn@example.net,558-700-8683,1949-10-27,2024-12-16,Wealth
CUST-00771,Nicholas,Tucker,jessewilson@example.net,+1-458-579-2572,1994-11-02,2026-03-02,Corporate
CUST-00772,Brian,Brown,bill59@example.com,3257636924,1973-10-23,2025-02-01,Wealth
CUST-00773,Michelle,Smith,blakebrendan@example.com,+1-706-648-5341x995,1943-06-03,2023-12-30,Corporate
CUST-00774,Daniel,Simpson,coopermary@example.com,001-868-528-6580x941,1950-03-01,2022-11-16,Wealth
CUST-00775,Eric,Holmes,greenesierra@example.net,(472)600-2027,1976-07-14,2023-07-18,Retail
CUST-00776,Gerald,Oneill,peterserik@example.org,(505)437-4713x002,1946-03-02,2022-07-25,Retail
CUST-00777,Crystal,Long,kenneth36@example.org,719-730-7070x6888,1940-07-12,2024-05-06,Corporate
CUST-00778,Lauren,Mcguire,vgomez@example.org,735.768.7785,1988-11-21,2021-05-03,Wealth
CUST-00779,Erin,Swanson,robertssabrina@example.net,001-744-427-3877x59237,1996-07-11,2022-09-02,Retail
CUST-00780,Carolyn,Flores,angelamorgan@example.com,(254)953-8478x487,1961-09-28,2022-07-12,Wealth
CUST-00781,Matthew,Fisher,carmen94@example.org,516.275.0176x9078,1983-07-28,2023-08-02,Wealth
CUST-00782,Kyle,Davidson,samanthamccoy@example.com,989-362-8631x447,1986-11-29,2021-12-06,Wealth
CUST-00783,Joseph,Avila,alove@example.net,395-698-9827,1967-11-11,2025-03-20,Corporate
CUST-00784,Jason,Gonzales,patrick39@example.org,001-707-793-9562x7944,2003-10-01,2023-12-09,Wealth
CUST-00785,Hannah,Hodges,marcreynolds@example.org,001-544-680-5648x33836,1951-06-10,2023-07-02,Corporate
CUST-00786,Jennifer,Bullock,uodom@example.net,371-648-9999x405,1937-03-17,2024-12-03,Wealth
CUST-00787,Alicia,Walsh,hfrank@example.net,+1-609-225-3273x80055,1961-10-15,2023-07-25,Corporate
CUST-00788,Sandra,Krueger,eric09@example.org,884-472-1605x5034,1996-07-16,2025-01-11,Retail
CUST-00789,Tanya,Flores,eric08@example.com,831-756-4177x0535,1945-02-11,2022-11-10,Wealth
CUST-00790,Aaron,Eaton,adamjimenez@example.org,001-442-902-6012,1950-10-01,2022-01-08,Corporate
CUST-00791,Jennifer,Walsh,pcastro@example.org,001-360-456-4333x8826,1961-10-21,2022-02-14,Retail
CUST-00792,Timothy,Chan,masonjared@example.net,962-652-2182x796,1980-05-21,2023-10-28,Retail
CUST-00793,Andrea,Cortez,howeryan@example.net,(920)403-5859x13816,1940-09-10,2021-07-10,Wealth
CUST-00794,James,Cook,ddavis@example.com,(963)666-3063,1995-11-23,2025-02-04,Wealth
CUST-00795,Jeffrey,Campbell,jamescamacho@example.net,(379)542-6050x75594,1951-01-30,2025-07-24,Retail
CUST-00796,Jessica,Jackson,gramos@example.org,675-371-2444x38996,1958-04-08,2022-03-15,Retail
CUST-00797,Kelly,Warner,aguilarjordan@example.com,+1-419-369-7347x902,1957-08-15,2025-05-28,Retail
CUST-00798,Jennifer,Hinton,preyes@example.com,871-969-1286x92249,2005-01-26,2021-04-28,Corporate
CUST-00799,Michelle,Benson,walter87@example.com,(594)492-0306,2006-03-05,2023-09-05,Corporate
CUST-00800,Richard,Hardy,zachary86@example.org,+1-563-762-6861,1943-05-22,2021-07-17,Retail
CUST-00801,Bruce,Nguyen,georgebrittany@example.net,(846)436-8659x60735,1984-08-03,2021-07-21,Wealth
CUST-00802,Michael,Nichols,amandacrawford@example.net,560.663.4542x66245,1994-05-15,2026-01-05,Retail
CUST-00803,Richard,Adams,taylorderrick@example.net,001-541-387-0684x02143,1935-09-12,2024-03-04,Corporate
CUST-00804,Timothy,Parker,ruizgregory@example.com,001-803-292-9079,1976-09-18,2026-02-13,Wealth
CUST-00805,Nathan,Raymond,jared89@example.org,876-688-6463x004,2007-12-24,2021-06-30,Wealth
CUST-00806,Veronica,Buchanan,hortonjames@example.com,808.259.6331,1972-06-17,2022-11-01,Retail
CUST-00807,Jessica,Carter,elizabethryan@example.com,977.697.3679x494,2005-05-18,2025-03-31,Retail
CUST-00808,Christopher,Leblanc,michael96@example.com,(427)230-0832,1951-12-28,2023-04-07,Wealth
CUST-00809,Michael,Miller,jshepherd@example.com,+1-377-228-6781x755,1955-06-27,2024-12-29,Retail
CUST-00810,Isaac,Parker,ehughes@example.net,(227)232-6157x63211,1992-05-06,2025-12-17,Corporate
CUST-00811,Shane,Jackson,wjames@example.com,633.362.0445x64372,1938-07-02,2025-12-06,Wealth
CUST-00812,Zachary,Nguyen,kellyjackson@example.org,001-798-217-9244x673,1955-05-22,2024-01-27,Wealth
CUST-00813,Michael,Young,alanmaldonado@example.org,825-959-3252x57254,1961-07-06,2022-11-06,Corporate
CUST-00814,Jeffrey,Frederick,edwardseric@example.org,529-621-6835x78010,1961-10-21,2024-10-24,Retail
CUST-00815,Jeffrey,Smith,jvincent@example.com,208.410.2301x5775,1939-10-21,2021-04-07,Retail
CUST-00816,Stephanie,Moore,amanda37@example.net,001-517-431-5081,1968-04-30,2025-03-13,Retail
CUST-00817,Christina,Vasquez,nicolesavage@example.com,001-404-235-8731x78541,1949-06-01,2022-12-14,Wealth
CUST-00818,Amy,Patterson,kevinmoore@example.com,+1-630-832-2666x320,1984-09-23,2024-07-26,Wealth
CUST-00819,Margaret,Miller,mendezlauren@example.com,001-683-676-9874x292,1980-06-23,2025-02-01,Retail
CUST-00820,Alexa,Kennedy,snelson@example.net,986.314.2998,1981-03-03,2025-06-01,Corporate
CUST-00821,Carol,Carlson,katherinejohnson@example.com,001-972-754-0734x7876,1936-01-20,2024-06-15,Corporate
CUST-00822,John,Grimes,rossdarren@example.com,6017602560,1947-01-23,2021-06-16,Corporate
CUST-00823,Rebecca,Chan,dylanbryant@example.com,295.228.8375x756,1948-04-26,2022-01-20,Wealth
CUST-00824,Daniel,Brooks,maldonadorobert@example.org,214.250.9935,1963-04-03,2021-12-24,Corporate
CUST-00825,Christopher,Fuller,tannerperry@example.net,+1-591-375-5001x8952,1950-03-12,2021-09-20,Retail
CUST-00826,Stephanie,Nichols,gmorgan@example.org,9722139523,1962-02-15,2022-05-18,Corporate
CUST-00827,Mackenzie,Baker,calvinthompson@example.net,423-492-3213x58250,1957-10-30,2022-11-25,Wealth
CUST-00828,April,Butler,jenkinspatricia@example.net,808.770.8049x62503,1978-02-26,2025-10-22,Wealth
CUST-00829,Eric,Bright,chelseafoley@example.net,434.616.7107,1954-06-12,2025-08-26,Corporate
CUST-00830,Tammie,Simpson,khopkins@example.com,823-329-5366x9496,1951-05-04,2024-02-17,Retail
CUST-00831,Laura,Hartman,kimberlyarcher@example.org,001-220-728-5710x68283,2007-08-25,2023-05-19,Wealth
CUST-00832,Anita,Williams,hhancock@example.com,395-980-2596x3654,1975-04-30,2025-06-24,Corporate
CUST-00833,Elizabeth,Jenkins,zwilson@example.com,5054726758,1951-06-16,2022-12-18,Corporate
CUST-00834,Barry,Bell,xperez@example.net,485.682.4857x40095,2003-03-26,2021-10-12,Wealth
CUST-00835,Daniel,Johnson,kevin00@example.com,+1-551-692-4476x5813,1982-05-06,2022-03-02,Wealth
CUST-00836,David,Stone,carolguzman@example.net,001-423-901-9532,2001-11-19,2021-09-18,Wealth
CUST-00837,Patricia,Johnson,xperez@example.net,854-388-1329x0879,1936-12-07,2025-04-26,Corporate
CUST-00838,Cory,Reed,william30@example.org,555-808-0250,2001-01-11,2021-04-18,Wealth
CUST-00839,Amanda,Mendoza,danielgarza@example.net,(473)441-5976x67518,1954-03-17,2023-02-08,Retail
CUST-00840,Sheena,Alexander,ocalderon@example.com,001-731-995-0874,1972-09-30,2022-10-19,Corporate
CUST-00841,Henry,Richardson,hblevins@example.org,(910)986-5759x51134,1995-01-25,2022-06-12,Corporate
CUST-00842,Kevin,Reyes,johnny57@example.net,+1-573-531-4603,2007-07-31,2024-11-29,Retail
CUST-00843,Cynthia,Mcpherson,amy74@example.net,(863)529-1354x74743,1976-01-12,2026-01-01,Corporate
CUST-00844,Stacy,Armstrong,myerssharon@example.com,001-542-778-5026x9605,1993-01-07,2023-04-27,Wealth
CUST-00845,Alexandria,Green,pricetroy@example.net,001-648-708-4855x3175,1963-09-09,2022-12-25,Retail
CUST-00846,Stephen,Williamson,dgross@example.org,(683)466-9988x0883,1973-06-04,2024-10-22,Corporate
CUST-00847,James,Leonard,flara@example.org,+1-207-816-6352x7230,1951-02-13,2021-10-27,Wealth
CUST-00848,Luis,Wheeler,amy86@example.org,538-954-9822,1957-04-28,2022-12-28,Corporate
CUST-00849,Barbara,Bender,kevin39@example.org,456-334-4066x3254,1936-12-21,2025-05-14,Corporate
CUST-00850,Richard,Hopkins,anthony55@example.org,779-731-1181,2002-06-12,2022-06-07,Retail
CUST-00851,Tara,Berger,lrobertson@example.com,001-682-362-6664x427,1987-03-24,2022-08-04,Corporate
CUST-00852,Victoria,Elliott,tgolden@example.net,933.625.8342x1206,1981-05-29,2024-07-21,Retail
CUST-00853,Richard,Johnston,gprice@example.net,001-809-953-2349x856,1955-10-06,2024-12-15,Corporate
CUST-00854,Traci,Stephens,shaneprince@example.net,+1-232-426-7915x9099,1976-07-09,2024-02-13,Retail
CUST-00855,Diana,Wood,deannahernandez@example.com,001-525-709-0958x700,1969-06-03,2021-06-08,Wealth
CUST-00856,Holly,Edwards,zcasey@example.com,(404)272-3780,1950-05-24,2025-11-13,Retail
CUST-00857,John,Mathis,edward99@example.com,395-969-2516x64185,1999-09-23,2023-02-06,Retail
CUST-00858,Walter,West,christy49@example.net,896-727-3261,1990-10-21,2024-11-11,Corporate
CUST-00859,Brittany,Arnold,jesus39@example.com,8365725184,1953-01-12,2021-06-08,Retail
CUST-00860,Carlos,Jones,kashley@example.net,608.864.3645,1936-07-27,2025-01-27,Wealth
CUST-00861,Christopher,Cunningham,aprilparker@example.net,+1-411-610-2234x2916,2002-10-15,2023-07-21,Corporate
CUST-00862,Lee,Martinez,kenneth11@example.org,674.827.4467x9581,2005-12-21,2022-06-19,Wealth
CUST-00863,Charles,Holmes,dthomas@example.org,(406)964-8813x49149,1945-04-04,2026-01-17,Wealth
CUST-00864,Sonya,Silva,hatfieldmichele@example.org,(503)967-5488x8760,1999-10-31,2022-07-30,Corporate
CUST-00865,James,Mccann,samanthamclaughlin@example.net,+1-773-866-2146x046,1968-12-30,2022-01-28,Retail
CUST-00866,Rhonda,Herrera,adam44@example.com,001-659-740-9654,1961-08-19,2022-12-17,Wealth
CUST-00867,Patricia,Anderson,whitneybell@example.com,391.804.5960x55495,1944-03-06,2026-03-13,Retail
CUST-00868,Elizabeth,Bell,hillmonica@example.org,374.452.9832,1980-01-21,2024-04-17,Retail
CUST-00869,Kelly,Curtis,skinnersamantha@example.net,796.795.1368,1976-09-24,2025-05-10,Wealth
CUST-00870,Kimberly,Osborne,matthewbond@example.com,001-763-442-7863,1973-12-25,2022-09-12,Corporate
CUST-00871,Katherine,Haas,matthewstrong@example.com,541-934-5318,1999-08-24,2024-10-02,Retail
CUST-00872,Thomas,Brown,cynthiamiller@example.org,(207)745-9758x6807,1953-06-14,2021-12-08,Retail
CUST-00873,Katie,Whitehead,angela69@example.org,931.403.2257x74409,1959-07-23,2023-08-27,Corporate
CUST-00874,Nicole,Campbell,tiffanybaker@example.net,001-567-512-9208x65347,1980-07-29,2022-07-23,Retail
CUST-00875,Mary,Miller,proctordennis@example.net,4682925835,1948-12-10,2023-08-06,Corporate
CUST-00876,James,Mendoza,deborahthornton@example.com,9088180515,2000-03-15,2022-06-09,Retail
CUST-00877,Jason,Cook,ianriley@example.net,901-734-7521x30385,1959-02-07,2023-04-17,Corporate
CUST-00878,Deanna,Diaz,marie29@example.org,511.695.6474,1941-10-31,2024-09-21,Wealth
CUST-00879,Christopher,Harrison,annethomas@example.org,(247)990-8920x1683,1983-12-12,2022-06-17,Wealth
CUST-00880,Victoria,Alexander,scottmcdonald@example.com,626.686.4578x82699,1959-06-13,2022-12-30,Retail
CUST-00881,Jonathan,Webster,vtaylor@example.com,298-312-3312,1973-05-25,2026-02-11,Wealth
CUST-00882,Nicole,Smith,veaton@example.org,001-857-509-1065x7246,1961-06-29,2022-06-05,Corporate
CUST-00883,Carla,Pennington,qmcconnell@example.net,001-408-298-9095x2216,1994-09-22,2022-11-20,Wealth
CUST-00884,Erin,Thomas,alexanderbeltran@example.net,001-500-422-1082x41085,1973-11-08,2024-07-21,Wealth
CUST-00885,Lisa,Murphy,cmorales@example.net,001-979-653-2742x014,1966-12-13,2025-12-20,Wealth
CUST-00886,Jessica,Lopez,yharris@example.org,358-950-2983x180,1950-10-11,2023-11-18,Wealth
CUST-00887,Charles,Huerta,myersmichelle@example.org,990.698.5497x9625,1967-09-14,2026-03-26,Retail
CUST-00888,Mark,Williams,rbarr@example.org,(956)946-5832,1968-08-26,2024-05-18,Wealth
CUST-00889,Peggy,Ortega,hernandezdavid@example.org,(426)849-2040x59339,1940-11-07,2025-11-24,Retail
CUST-00890,Joy,Ford,ddillon@example.org,001-602-823-7436x387,1999-12-11,2021-11-11,Retail
CUST-00891,Robert,Le,mary20@example.com,938-747-5439x505,1949-01-02,2021-11-25,Corporate
CUST-00892,Matthew,Brown,carterjared@example.net,(289)951-2628,1937-02-13,2025-10-31,Corporate
CUST-00893,Matthew,Swanson,cantrellnicole@example.net,+1-533-601-6663x2947,1974-07-28,2021-09-21,Retail
CUST-00894,Jeffrey,Holmes,skennedy@example.org,516.604.8026,1998-02-12,2024-05-09,Retail
CUST-00895,James,Brandt,jennifersmith@example.net,245-477-0546x01405,1969-10-28,2021-04-20,Wealth
CUST-00896,Rodney,Diaz,jacksonpatrick@example.org,(215)717-0842x9200,1977-08-21,2024-09-25,Corporate
CUST-00897,John,Torres,amanda41@example.org,362.204.2425x68890,1948-03-30,2024-10-18,Wealth
CUST-00898,Jerry,Thompson,wgarrett@example.org,+1-893-696-1328,1991-09-10,2021-08-17,Corporate
CUST-00899,James,Hopkins,mullinselizabeth@example.org,680.687.3422x75497,1980-06-23,2025-01-01,Retail
CUST-00900,Adam,Hull,linda06@example.net,+1-297-972-7036x2462,1939-12-29,2022-12-26,Retail
CUST-00901,Nicholas,Dixon,richardsonsteven@example.net,(275)215-7383,1963-09-20,2021-12-19,Corporate
CUST-00902,Nicole,Hanson,brianchang@example.org,642.432.6218x341,1960-08-22,2024-06-14,Corporate
CUST-00903,Jeffrey,Rice,hickmanjames@example.com,001-481-683-3676x31658,1942-10-09,2022-09-10,Retail
CUST-00904,Kim,Mcintosh,melissaking@example.com,+1-395-328-5562,1940-03-30,2021-11-10,Retail
CUST-00905,Clifford,Thompson,leahsantiago@example.net,(598)466-4943x760,1975-10-21,2024-08-06,Corporate
CUST-00906,Jillian,Moreno,juliestevens@example.com,001-578-365-8016,1965-03-30,2025-11-15,Corporate
CUST-00907,Ashley,Snow,noah71@example.org,+1-700-525-9147x7154,1956-04-29,2022-07-23,Wealth
CUST-00908,Kevin,Moreno,mcphersonvictoria@example.net,938-378-5986,1949-03-29,2025-03-18,Corporate
CUST-00909,Aaron,Escobar,matthewcardenas@example.com,+1-201-490-1884x7589,1984-12-04,2022-06-21,Wealth
CUST-00910,Ronald,Taylor,simmonsjason@example.net,(705)955-3018,1956-01-15,2025-07-28,Wealth
CUST-00911,Caroline,Wilson,cristinarocha@example.com,719.725.9738,1993-11-17,2023-03-06,Corporate
CUST-00912,Alex,Martinez,mcphersonarthur@example.org,300-943-8164x515,1996-01-14,2025-11-16,Retail
CUST-00913,Tracy,Fisher,steven05@example.com,(890)305-5642x869,1999-08-21,2024-01-13,Wealth
CUST-00914,Jennifer,Patterson,vwatson@example.net,001-610-760-0089,1981-11-25,2025-09-28,Wealth
CUST-00915,Jennifer,Macdonald,daniel13@example.net,597-490-7351x158,1951-11-06,2024-10-04,Wealth
CUST-00916,Angela,Phillips,meghanbender@example.com,6095308990,1985-04-18,2021-12-04,Retail
CUST-00917,Robert,Leonard,justinellis@example.org,(863)491-8981x8412,1966-06-19,2026-03-30,Corporate
CUST-00918,Cheyenne,Ramos,gspears@example.net,001-503-256-3866x909,1952-07-01,2023-03-15,Retail
CUST-00919,Jenna,Robbins,romerostephanie@example.net,762-618-5600,1955-09-08,2025-12-17,Retail
CUST-00920,Maria,Warner,christianfrazier@example.com,427.626.9813x275,1951-05-21,2023-09-06,Wealth
CUST-00921,Pamela,Pacheco,howardarthur@example.org,001-471-655-4018x828,1957-11-14,2023-08-16,Corporate
CUST-00922,Ashley,Anderson,hmiller@example.net,001-995-271-7349x7326,1988-07-08,2022-06-20,Wealth
CUST-00923,Jeremy,Kane,halljoshua@example.com,789-641-2752x090,1978-06-26,2023-07-31,Wealth
CUST-00924,Breanna,Patel,vjohnson@example.net,9406270386,1936-09-23,2024-12-04,Corporate
CUST-00925,Bridget,Lee,wrightwilliam@example.org,+1-722-675-6053x526,1939-01-15,2022-03-19,Retail
CUST-00926,Emily,Ferguson,sampsonvincent@example.org,+1-865-709-1312x2934,1993-05-17,2023-08-11,Retail
CUST-00927,Logan,Keith,philipjackson@example.org,(522)770-6253x720,1953-02-09,2022-08-08,Retail
CUST-00928,Justin,Hernandez,petermontgomery@example.org,625-581-3834,1937-03-18,2022-02-04,Retail
CUST-00929,Laura,Lam,marysantiago@example.net,+1-321-930-2103x1590,1959-08-06,2021-08-15,Retail
CUST-00930,Devon,Chase,hsharp@example.net,759-349-3475x99507,1963-03-12,2024-10-28,Corporate
CUST-00931,Doris,Curtis,arnoldgina@example.org,(312)298-7451,2002-12-23,2022-01-29,Wealth
CUST-00932,Timothy,Torres,jessicaluna@example.org,735-338-0655x58586,1987-09-20,2021-06-25,Corporate
CUST-00933,Diana,Zimmerman,bakerivan@example.net,(204)573-7896,1974-11-07,2023-09-26,Retail
CUST-00934,Wendy,Cook,delgadopam@example.net,(854)788-4817x60253,1979-11-28,2022-01-22,Wealth
CUST-00935,James,Villanueva,mcmillanmelanie@example.com,001-389-638-5770x3028,1977-10-11,2022-04-05,Retail
CUST-00936,Charles,Estes,jerry47@example.net,853.645.7423x1549,1964-06-25,2021-08-23,Retail
CUST-00937,Amy,Mcpherson,nroberts@example.org,(339)401-0374x70529,1985-07-04,2025-12-17,Wealth
CUST-00938,Heather,Simmons,larry95@example.net,+1-819-990-9522x43820,1988-12-22,2026-02-16,Retail
CUST-00939,Craig,Williams,amy97@example.org,(651)817-5217x1858,1948-12-23,2022-10-26,Retail
CUST-00940,Jay,Golden,deanveronica@example.com,(430)287-2235,2001-09-04,2025-05-05,Wealth
CUST-00941,Jeffrey,Evans,alicialong@example.com,001-601-561-2475x39234,1952-10-15,2021-05-27,Retail
CUST-00942,Elizabeth,Jordan,lori21@example.org,001-345-719-3483x0877,1947-03-31,2025-08-30,Corporate
CUST-00943,Jenny,Thompson,zzimmerman@example.net,(257)752-1642x394,1959-10-16,2023-10-26,Corporate
CUST-00944,Kenneth,Lozano,samuel07@example.org,398-378-2788,1975-03-05,2022-01-27,Corporate
CUST-00945,Nicholas,Gutierrez,yjimenez@example.net,423-461-3216x7142,2007-02-07,2025-04-30,Retail
CUST-00946,Gary,Smith,obrienaustin@example.org,2197230390,1976-12-30,2023-08-22,Retail
CUST-00947,Amy,Stevenson,stephen09@example.net,(750)805-0957x69499,1955-11-22,2021-12-29,Retail
CUST-00948,Christina,Weber,jcarroll@example.net,(732)719-7930x94304,1953-09-04,2022-04-26,Wealth
CUST-00949,Nicole,Davis,jhull@example.com,642-746-6306x6448,1983-01-19,2024-11-06,Retail
CUST-00950,Virginia,Morrow,jenniferlopez@example.net,+1-234-616-5862x94794,1960-01-23,2023-07-22,Retail
CUST-00951,Laura,Miller,woodmichael@example.com,7115717775,1982-05-21,2024-09-07,Corporate
CUST-00952,Joel,Perez,william30@example.com,+1-805-976-5163,1943-02-27,2022-07-01,Retail
CUST-00953,Darryl,Mejia,ruizshannon@example.net,659.463.2717x9059,1998-03-21,2025-04-21,Retail
CUST-00954,Dawn,Mcintosh,tmccormick@example.org,(319)787-6757,1942-08-10,2025-10-04,Corporate
CUST-00955,Daniel,Vasquez,ryan87@example.org,+1-779-453-7778x3074,1961-05-11,2025-10-05,Retail
CUST-00956,Joseph,Taylor,cortezdanielle@example.net,(814)599-9621x426,2002-11-28,2022-09-12,Corporate
CUST-00957,Pamela,Edwards,rgonzalez@example.com,533-875-6077x407,1956-05-06,2024-06-26,Wealth
CUST-00958,Emily,Frederick,cody71@example.org,821-816-1842x39562,1955-04-11,2024-11-29,Corporate
CUST-00959,Eric,Arellano,petersonbrent@example.net,853-970-9590x8284,1935-12-15,2024-03-09,Retail
CUST-00960,Allison,Barker,smithaudrey@example.org,001-481-319-0740x31843,1936-10-13,2021-05-25,Corporate
CUST-00961,William,Bond,davidharrell@example.net,+1-875-887-9010x55081,1966-03-04,2023-02-26,Corporate
CUST-00962,Sarah,Porter,sanchezjohn@example.net,001-942-596-2159x19985,1981-09-11,2021-07-18,Corporate
CUST-00963,James,Perez,xwood@example.net,622.595.4267,1961-01-03,2022-07-09,Corporate
CUST-00964,Christopher,Williams,perezpaul@example.com,(942)257-5700x41440,2000-08-26,2021-11-29,Wealth
CUST-00965,Jennifer,Jones,kristinpatrick@example.net,(615)645-9205,1978-05-04,2021-09-28,Corporate
CUST-00966,Adam,Whitaker,christopher48@example.com,753.531.3425x70022,1946-11-26,2024-08-20,Corporate
CUST-00967,Rebecca,Moore,amywilliams@example.org,(720)642-0076x7721,1948-11-16,2021-08-16,Wealth
CUST-00968,Craig,King,rebecca88@example.org,979.894.2403x0832,1989-01-25,2024-06-18,Wealth
CUST-00969,Megan,Brooks,wilsonrobert@example.org,+1-851-862-8764x3107,2006-02-16,2025-02-21,Wealth
CUST-00970,Julie,Beck,sanderson@example.net,+1-862-660-8801x914,1981-03-25,2023-04-28,Wealth
CUST-00971,Christine,Fields,kimberly51@example.com,372-368-8769x599,1963-12-14,2023-01-17,Wealth
CUST-00972,Wendy,Christian,stephanie85@example.net,761.213.5489,1945-10-03,2021-10-28,Wealth
CUST-00973,Andrew,Wong,johnsonheidi@example.com,(893)753-2541x8962,1973-06-01,2024-11-07,Wealth
CUST-00974,Steven,Phillips,rebeccahendrix@example.org,919-622-8614,2007-08-27,2025-01-12,Retail
CUST-00975,Edward,Smith,gallagherlisa@example.com,001-242-454-4369x4396,1965-10-21,2022-07-05,Retail
CUST-00976,Brian,Greer,gregorymaddox@example.net,001-757-475-9350x87365,1967-09-25,2024-06-18,Corporate
CUST-00977,Robin,Walker,mosesjamie@example.net,+1-662-607-4644x707,1982-05-10,2022-09-09,Wealth
CUST-00978,David,Shaw,camposlaura@example.com,+1-276-452-0730x318,2007-04-16,2021-06-01,Wealth
CUST-00979,John,Horn,richard08@example.net,(903)903-8239x660,1956-10-15,2024-02-25,Wealth
CUST-00980,Patricia,Bailey,michael64@example.net,537-545-7290x458,1991-07-27,2021-04-12,Wealth
CUST-00981,Paul,Patterson,qthomas@example.org,469.911.3230x71285,1989-09-09,2025-03-16,Retail
CUST-00982,Cheryl,Montes,swilson@example.org,001-942-800-4796x74832,1993-07-25,2025-12-19,Retail
CUST-00983,David,Ward,nmeyer@example.com,221-643-1036,1939-10-10,2024-02-02,Corporate
CUST-00984,Jamie,Mcguire,zkerr@example.org,(924)406-1566x68173,1946-08-23,2025-10-25,Wealth
CUST-00985,Traci,Rojas,bakerdaniel@example.net,661-571-3704x292,1980-05-28,2024-03-10,Retail
CUST-00986,Tammy,Pace,hhenderson@example.org,8686108475,2000-10-30,2023-08-25,Corporate
CUST-00987,Matthew,Jordan,bobbyjohnson@example.com,512-902-6968x12634,1964-01-26,2026-01-31,Retail
CUST-00988,Nicholas,Sanders,lbender@example.net,323.661.7092x899,1954-03-30,2021-09-08,Corporate
CUST-00989,Misty,Wilson,debra51@example.net,507-292-1608x158,1967-11-30,2024-07-12,Corporate
CUST-00990,Brandon,Barker,williammonroe@example.org,(563)290-2233,1956-10-21,2021-09-21,Corporate
CUST-00991,Shawn,Hughes,larsonjonathan@example.com,+1-682-939-0939x5094,1990-10-26,2025-06-04,Wealth
CUST-00992,Anthony,Taylor,austinhart@example.com,(570)393-7121,1985-01-07,2025-01-25,Wealth
CUST-00993,Amber,Pacheco,linda94@example.net,(451)267-6294,1961-08-30,2021-08-29,Retail
CUST-00994,Christopher,Edwards,denniswhite@example.org,(973)340-1975,1972-07-05,2024-02-16,Corporate
CUST-00995,Tiffany,Morris,wadealex@example.com,285-705-2243x6063,1975-03-24,2024-05-10,Corporate
CUST-00996,Erica,Odom,mike13@example.net,(314)753-9319x650,2004-03-24,2021-12-14,Corporate
CUST-00997,Emily,Parker,jason75@example.org,+1-700-739-4580x213,2001-08-06,2022-09-29,Corporate
CUST-00998,Richard,Lynn,sharon10@example.com,001-501-208-5495x96170,1998-09-19,2023-12-26,Wealth
CUST-00999,Dennis,Martin,whitejeff@example.org,001-749-903-3908x77977,1951-03-25,2023-07-13,Wealth
CUST-01000,Eugene,Bender,bridgeschristina@example.com,+1-768-635-9701x980,1946-09-03,2022-01-18,Wealth
